timestamp,pitch_hz,confidence,voiced
0.0080,1945.90,0.2672,false
0.0240,1592.28,0.3372,false
0.0400,1587.30,0.3763,false
0.0560,1584.23,0.3843,false
0.0720,1586.16,0.3600,false
0.0880,1588.84,0.3379,false
0.1040,1877.93,0.2765,false
0.1200,1873.67,0.2654,false
0.1360,1592.90,0.3269,false
0.1520,894.88,0.2603,false
0.1680,894.48,0.2605,false
0.1840,894.48,0.2605,false
0.2000,894.48,0.2605,false
0.2160,894.48,0.2605,false
0.2320,894.48,0.2605,false
0.2480,894.48,0.2605,false
0.2640,894.48,0.2605,false
0.2800,894.48,0.2605,false
0.2960,894.48,0.2605,false
0.3120,894.48,0.2605,false
0.3280,894.48,0.2605,false
0.3440,894.48,0.2605,false
0.3600,894.48,0.2605,false
0.3760,894.48,0.2605,false
0.3920,894.48,0.2605,false
0.4080,894.48,0.2605,false
0.4240,894.48,0.2605,false
0.4400,894.48,0.2605,false
0.4560,894.48,0.2605,false
0.4720,894.48,0.2605,false
0.4880,894.48,0.2605,false
0.5040,894.48,0.2605,false
0.5200,894.48,0.2605,false
0.5360,894.48,0.2605,false
0.5520,894.48,0.2605,false
0.5680,894.48,0.2605,false
0.5840,894.48,0.2605,false
0.6000,894.48,0.2605,false
0.6160,894.48,0.2605,false
0.6320,894.48,0.2605,false
0.6480,894.48,0.2605,false
0.6640,894.48,0.2605,false
0.6800,894.48,0.2605,false
0.6960,894.48,0.2605,false
0.7120,894.48,0.2605,false
0.7280,894.48,0.2605,false
0.7440,894.48,0.2605,false
0.7600,894.48,0.2605,false
0.7760,894.48,0.2605,false
0.7920,894.48,0.2605,false
0.8080,894.48,0.2605,false
0.8240,894.48,0.2605,false
0.8400,894.48,0.2605,false
0.8560,894.48,0.2605,false
0.8720,894.48,0.2605,false
0.8880,894.48,0.2605,false
0.9040,894.48,0.2605,false
0.9200,894.48,0.2605,false
0.9360,894.48,0.2605,false
0.9520,894.48,0.2605,false
0.9680,894.48,0.2605,false
0.9840,894.48,0.2605,false
1.0000,894.48,0.2605,false
1.0160,894.48,0.2605,false
1.0320,894.48,0.2605,false
1.0480,894.48,0.2605,false
1.0640,894.48,0.2605,false
1.0800,894.48,0.2605,false
1.0960,894.48,0.2605,false
1.1120,894.48,0.2605,false
1.1280,894.48,0.2605,false
1.1440,894.48,0.2605,false
1.1600,894.48,0.2605,false
1.1760,894.48,0.2605,false
1.1920,894.48,0.2605,false
1.2080,894.48,0.2605,false
1.2240,894.48,0.2605,false
1.2400,894.49,0.2603,false
1.2560,1596.04,0.3300,false
1.2720,1596.10,0.3297,false
1.2880,1596.08,0.3296,false
1.3040,1595.87,0.3297,false
1.3200,1594.59,0.3332,false
1.3360,1593.87,0.3346,false
1.3520,1597.76,0.3221,false
1.3680,1882.79,0.2817,false
1.3840,1882.17,0.3023,false
1.4000,1891.02,0.2968,false
1.4160,1892.43,0.2648,false
1.4320,1897.26,0.2276,false
1.4480,1947.90,0.1920,false
1.4640,1955.98,0.2022,false
1.4800,101.94,0.1789,false
1.4960,102.24,0.1822,false
1.5120,102.45,0.1282,false
1.5280,1795.33,0.3469,false
1.5440,1949.68,0.2027,false
1.5600,1965.59,0.1994,false
1.5760,1259.47,0.2056,false
1.5920,1251.61,0.1927,false
1.6080,1260.39,0.2682,false
1.6240,1277.86,0.3506,false
1.6400,1291.05,0.4009,false
1.6560,1304.71,0.2298,false
1.6720,1289.49,0.1696,false
1.6880,1261.92,0.2254,false
1.7040,136.68,0.4104,false
1.7200,135.97,0.3844,false
1.7360,1256.11,0.3138,false
1.7520,1246.19,0.3372,false
1.7680,1243.41,0.3693,false
1.7840,1240.09,0.2484,false
1.8000,621.73,0.1539,false
1.8160,103.07,0.1959,false
1.8320,1773.36,0.2700,false
1.8480,1803.66,0.2834,false
1.8640,1968.15,0.1279,false
1.8800,1049.45,0.2359,false
1.8960,1056.47,0.2464,false
1.9120,2022.39,0.2339,false
1.9280,2026.23,0.3386,false
1.9440,2043.46,0.4033,false
1.9600,2049.14,0.4627,false
1.9760,2055.17,0.4738,false
1.9920,2045.02,0.4349,false
2.0080,2022.87,0.4014,false
2.0240,2029.16,0.4354,false
2.0400,2052.06,0.4607,false
2.0560,2044.49,0.3965,false
2.0720,2000.63,0.3937,false
2.0880,1986.62,0.4249,false
2.1040,1980.05,0.4645,false
2.1200,1971.51,0.4875,false
2.1360,2005.78,0.4344,false
2.1520,2015.45,0.4361,false
2.1680,1998.81,0.4664,false
2.1840,1961.28,0.3015,false
2.2000,1115.02,0.3009,false
2.2160,1141.75,0.3121,false
2.2320,1211.73,0.3978,false
2.2480,1244.81,0.4878,false
2.2640,1245.19,0.5601,false
2.2800,1248.24,0.6191,false
2.2960,1236.22,0.5929,false
2.3120,1239.50,0.5998,false
2.3280,1234.44,0.5137,false
2.3440,1207.90,0.4042,false
2.3600,292.69,0.2301,false
2.3760,292.86,0.2374,false
2.3920,435.68,0.4384,false
2.4080,435.98,0.4468,false
2.4240,436.53,0.4373,false
2.4400,436.81,0.3841,false
2.4560,436.27,0.2449,false
2.4720,102.61,0.1943,false
2.4880,101.85,0.2284,false
2.5040,1706.62,0.3069,false
2.5200,1709.09,0.3684,false
2.5360,1702.16,0.3798,false
2.5520,1744.42,0.2720,false
2.5680,349.49,0.2744,false
2.5840,350.03,0.3776,false
2.6000,350.06,0.4277,false
2.6160,349.33,0.4848,false
2.6320,347.69,0.3977,false
2.6480,344.88,0.3332,false
2.6640,342.61,0.2951,false
2.6800,1902.35,0.2475,false
2.6960,1919.90,0.2619,false
2.7120,1919.57,0.2507,false
2.7280,1578.66,0.2630,false
2.7440,1590.23,0.3091,false
2.7600,1591.88,0.3306,false
2.7760,1584.51,0.3335,false
2.7920,1577.25,0.2973,false
2.8080,970.01,0.3158,false
2.8240,978.13,0.3133,false
2.8400,1569.89,0.2635,false
2.8560,1568.69,0.3265,false
2.8720,1572.67,0.4231,false
2.8880,1578.67,0.4211,false
2.9040,1586.36,0.4470,false
2.9200,1796.93,0.4498,false
2.9360,1896.52,0.3485,false
2.9520,1588.43,0.3537,false
2.9680,1904.76,0.3064,false
2.9840,1897.39,0.2839,false
3.0000,1898.06,0.2587,false
3.0160,1897.88,0.2526,false
3.0320,1615.65,0.2671,false
3.0480,1612.35,0.3007,false
3.0640,1606.93,0.3195,false
3.0800,1601.94,0.3320,false
3.0960,1598.30,0.3452,false
3.1120,1596.18,0.3494,false
3.1280,1593.94,0.3449,false
3.1440,1592.18,0.3360,false
3.1600,1880.43,0.2740,false
3.1760,1886.60,0.2815,false
3.1920,1888.42,0.2956,false
3.2080,1891.54,0.2916,false
3.2240,1890.78,0.2811,false
3.2400,1889.76,0.2431,false
3.2560,891.42,0.2111,false
3.2720,884.98,0.2132,false
3.2880,880.97,0.2801,false
3.3040,881.16,0.3687,false
3.3200,880.60,0.3888,false
3.3360,879.27,0.4419,false
3.3520,879.87,0.5883,false
3.3680,883.22,0.7491,true
3.3840,883.85,0.7901,true
3.4000,881.64,0.7328,true
3.4160,877.12,0.5675,false
3.4320,871.17,0.3803,false
3.4480,856.34,0.3115,false
3.4640,849.88,0.2888,false
3.4800,852.29,0.2098,false
3.4960,852.82,0.1732,false
3.5120,103.20,0.3012,false
3.5280,872.87,0.2012,false
3.5440,880.88,0.2365,false
3.5600,891.05,0.1518,false
3.5760,102.29,0.1948,false
3.5920,1235.63,0.1010,false
3.6080,431.78,0.1365,false
3.6240,95.87,0.1948,false
3.6400,97.19,0.2751,false
3.6560,90.65,0.3210,false
3.6720,110.51,0.2226,false
3.6880,1024.72,0.1048,false
3.7040,118.85,0.3843,false
3.7200,127.24,0.3992,false
3.7360,165.22,0.4923,false
3.7520,564.39,0.1105,false
3.7680,64.02,0.2357,false
3.7840,62.92,0.2249,false
3.8000,115.47,0.7051,false
3.8160,113.92,0.7601,false
3.8320,108.21,0.7040,false
3.8480,550.88,0.1677,false
3.8640,548.55,0.2803,false
3.8800,541.80,0.1740,false
3.8960,903.30,0.0944,false
3.9120,892.64,0.1372,false
3.9280,279.19,0.2822,false
3.9440,282.78,0.3583,false
3.9600,907.25,0.1824,false
3.9760,901.36,0.3603,false
3.9920,896.04,0.5287,false
4.0080,888.82,0.7912,true
4.0240,887.50,0.8771,true
4.0400,887.57,0.8449,true
4.0560,887.67,0.6956,true
4.0720,886.66,0.4323,false
4.0880,885.65,0.3133,false
4.1040,279.04,0.5744,false
4.1200,281.65,0.6576,true
4.1360,282.39,0.7169,true
4.1520,282.66,0.7025,true
4.1680,282.67,0.7665,true
4.1840,282.27,0.8927,true
4.2000,280.93,0.9609,true
4.2160,279.68,0.9686,true
4.2320,280.29,0.9490,true
4.2480,280.57,0.9171,true
4.2640,281.77,0.8029,true
4.2800,284.17,0.6153,true
4.2960,883.81,0.3271,false
4.3120,885.09,0.3281,false
4.3280,883.83,0.2236,false
4.3440,284.26,0.6361,true
4.3600,284.71,0.5637,false
4.3760,284.61,0.4648,false
4.3920,284.38,0.3804,false
4.4080,1654.44,0.3007,false
4.4240,1677.05,0.2729,false
4.4400,1704.91,0.2119,false
4.4560,1153.20,0.3846,false
4.4720,1155.57,0.5710,false
4.4880,1156.14,0.6425,false
4.5040,1161.25,0.6596,false
4.5200,1170.93,0.7804,false
4.5360,1176.04,0.8706,false
4.5520,1175.83,0.8746,false
4.5680,1171.82,0.8283,false
4.5840,1172.06,0.7797,false
4.6000,1167.71,0.6284,false
4.6160,1149.05,0.3968,false
4.6320,1145.56,0.3591,false
4.6480,1168.56,0.3069,false
4.6640,1177.92,0.2678,false
4.6800,1890.96,0.2865,false
4.6960,1897.14,0.2818,false
4.7120,1597.85,0.3195,false
4.7280,1594.90,0.3426,false
4.7440,1594.57,0.3482,false
4.7600,1593.75,0.3438,false
4.7760,1593.49,0.3329,false
4.7920,1593.87,0.3260,false
4.8080,1594.28,0.3245,false
4.8240,1594.72,0.3259,false
4.8400,1595.25,0.3280,false
4.8560,894.63,0.2605,false
4.8720,894.50,0.2604,false
4.8880,894.48,0.2605,false
4.9040,894.48,0.2605,false
4.9200,894.48,0.2605,false
4.9360,894.48,0.2605,false
4.9520,894.48,0.2605,false
4.9680,894.48,0.2605,false
4.9840,894.48,0.2605,false
5.0000,894.48,0.2605,false
5.0160,894.48,0.2605,false
5.0320,894.48,0.2605,false
5.0480,894.49,0.2604,false
5.0640,1595.99,0.3298,false
5.0800,1595.94,0.3306,false
5.0960,1596.15,0.3295,false
5.1120,1595.84,0.3307,false
5.1280,1595.33,0.3322,false
5.1440,1594.33,0.3361,false
5.1600,1596.13,0.3301,false
5.1760,1879.38,0.2779,false
5.1920,1884.84,0.2911,false
5.2080,1889.29,0.2905,false
5.2240,1889.28,0.2858,false
5.2400,1889.07,0.2639,false
5.2560,1894.53,0.2461,false
5.2720,1902.99,0.2444,false
5.2880,1896.82,0.2538,false
5.3040,1794.93,0.3443,false
5.3200,1877.72,0.2785,false
5.3360,1888.75,0.2920,false
5.3520,1808.02,0.3831,false
5.3680,1794.42,0.3622,false
5.3840,1782.96,0.3404,false
5.4000,1759.24,0.3711,false
5.4160,1758.88,0.4258,false
5.4320,1781.32,0.4092,false
5.4480,1795.76,0.3462,false
5.4640,1804.24,0.3176,false
5.4800,1817.48,0.2831,false
5.4960,1826.25,0.2741,false
5.5120,1822.85,0.2955,false
5.5280,1249.81,0.2441,false
5.5440,1242.21,0.2110,false
5.5600,1231.85,0.2236,false
5.5760,1226.50,0.2123,false
5.5920,1227.61,0.1812,false
5.6080,1226.60,0.2301,false
5.6240,1239.55,0.2497,false
5.6400,1251.77,0.2335,false
5.6560,1243.77,0.2270,false
5.6720,1779.13,0.2024,false
5.6880,106.61,0.3656,false
5.7040,1913.10,0.2293,false
5.7200,1805.23,0.2336,false
5.7360,106.48,0.3311,false
5.7520,104.71,0.3112,false
5.7680,104.55,0.2582,false
5.7840,104.43,0.2357,false
5.8000,102.87,0.1900,false
5.8160,1959.49,0.1539,false
5.8320,1982.68,0.1685,false
5.8480,1996.98,0.1662,false
5.8640,2001.91,0.1758,false
5.8800,1995.38,0.1700,false
5.8960,1981.09,0.1408,false
5.9120,361.37,0.3863,false
5.9280,358.74,0.5657,false
5.9440,358.05,0.5463,false
5.9600,350.53,0.4082,false
5.9760,539.61,0.2510,false
5.9920,546.48,0.3276,false
6.0080,547.39,0.4618,false
6.0240,547.17,0.5517,false
6.0400,547.53,0.6272,true
6.0560,547.40,0.4905,false
6.0720,2066.93,0.4324,false
6.0880,2061.30,0.3874,false
6.1040,2036.28,0.4129,false
6.1200,2033.91,0.4184,false
6.1360,2041.07,0.3269,false
6.1520,2044.05,0.2939,false
6.1680,2052.10,0.2864,false
6.1840,2054.46,0.2769,false
6.2000,2050.37,0.2332,false
6.2160,2016.33,0.1786,false
6.2320,2049.04,0.2621,false
6.2480,2072.68,0.2861,false
6.2640,2075.00,0.2267,false
6.2800,2062.63,0.1292,false
6.2960,290.14,0.2619,false
6.3120,290.22,0.3450,false
6.3280,293.49,0.3214,false
6.3440,292.29,0.1598,false
6.3600,96.29,0.4085,false
6.3760,292.03,0.1544,false
6.3920,288.53,0.1579,false
6.4080,1140.07,0.1573,false
6.4240,1141.34,0.2034,false
6.4400,1124.90,0.1284,false
6.4560,273.49,0.3364,false
6.4720,281.27,0.5881,false
6.4880,285.98,0.4294,false
6.5040,798.27,0.1329,false
6.5200,794.94,0.2773,false
6.5360,792.18,0.2698,false
6.5520,791.22,0.1231,false
6.5680,1341.71,0.2283,false
6.5840,1230.13,0.2518,false
6.6000,1202.37,0.3481,false
6.6160,1187.00,0.3444,false
6.6320,1192.31,0.3343,false
6.6480,1780.31,0.4241,false
6.6640,1768.49,0.4188,false
6.6800,1770.51,0.3869,false
6.6960,1779.46,0.2799,false
6.7120,798.42,0.1937,false
6.7280,797.27,0.2811,false
6.7440,800.49,0.3475,false
6.7600,804.06,0.4162,false
6.7760,816.69,0.3663,false
6.7920,824.21,0.1792,false
6.8080,1613.11,0.1174,false
6.8240,99.07,0.2173,false
6.8400,451.72,0.2141,false
6.8560,1593.80,0.1390,false
6.8720,571.05,0.1845,false
6.8880,576.86,0.2084,false
6.9040,587.49,0.1861,false
6.9200,595.64,0.1793,false
6.9360,594.59,0.2926,false
6.9520,601.01,0.2967,false
6.9680,609.09,0.2775,false
6.9840,609.92,0.2642,false
7.0000,348.89,0.3760,false
7.0160,347.28,0.4141,false
7.0320,346.95,0.4460,false
7.0480,347.93,0.6332,true
7.0640,348.06,0.6722,true
7.0800,348.01,0.6222,true
7.0960,347.96,0.4748,false
7.1120,347.96,0.4738,false
7.1280,347.96,0.4292,false
7.1440,172.53,0.8116,true
7.1600,171.82,0.9818,true
7.1760,171.71,0.9981,true
7.1920,171.69,0.9996,true
7.2080,171.69,0.9998,true
7.2240,171.69,0.9997,true
7.2400,171.70,0.9998,true
7.2560,171.70,0.9998,true
7.2720,171.70,0.9997,true
7.2880,171.70,0.9995,true
7.3040,171.70,0.9987,true
7.3200,171.74,0.9922,true
7.3360,172.17,0.9068,true
7.3520,173.11,0.7091,true
7.3680,173.93,0.6000,true
7.3840,174.18,0.5092,false
7.4000,345.94,0.4237,false
7.4160,346.97,0.6699,true
7.4320,346.96,0.7061,true
7.4480,346.16,0.6346,true
7.4640,348.08,0.5590,false
7.4800,347.19,0.5763,false
7.4960,344.63,0.4636,false
7.5120,341.03,0.3083,false
7.5280,336.92,0.3682,false
7.5440,335.11,0.4377,false
7.5600,334.23,0.3372,false
7.5760,337.80,0.2391,false
7.5920,693.56,0.1492,false
7.6080,682.66,0.1227,false
7.6240,1144.37,0.1230,false
7.6400,1949.81,0.1096,false
7.6560,1949.33,0.1287,false
7.6720,1971.06,0.1300,false
7.6880,1988.88,0.1137,false
7.7040,843.46,0.1453,false
7.7200,1598.46,0.1299,false
7.7360,446.00,0.2445,false
7.7520,443.12,0.4950,false
7.7680,439.16,0.7112,true
7.7840,426.64,0.7230,true
7.8000,412.06,0.7333,true
7.8160,401.12,0.6882,true
7.8320,394.11,0.8281,true
7.8480,393.72,0.9368,true
7.8640,395.37,0.9601,true
7.8800,395.17,0.9743,true
7.8960,392.39,0.9809,true
7.9120,391.14,0.9942,true
7.9280,391.05,0.9982,true
7.9440,390.81,0.9992,true
7.9600,390.49,0.9996,true
7.9760,390.32,0.9996,true
7.9920,390.25,0.9994,true
8.0080,390.21,0.9994,true
8.0240,390.20,0.9996,true
8.0400,390.20,0.9996,true
8.0560,390.20,0.9998,true
8.0720,390.21,0.9999,true
8.0880,390.23,0.9999,true
8.1040,390.33,0.9999,true
8.1200,390.69,0.9996,true
8.1360,390.97,0.9988,true
8.1520,390.70,0.9976,true
8.1680,390.59,0.9956,true
8.1840,390.91,0.9946,true
8.2000,392.07,0.9942,true
8.2160,393.40,0.9928,true
8.2320,393.39,0.9881,true
8.2480,391.45,0.9909,true
8.2640,390.41,0.9979,true
8.2800,390.23,0.9994,true
8.2960,390.20,0.9997,true
8.3120,390.20,0.9996,true
8.3280,390.20,0.9991,true
8.3440,390.21,0.9981,true
8.3600,390.23,0.9957,true
8.3760,390.47,0.9757,true
8.3920,391.16,0.9660,true
8.4080,392.11,0.9859,true
8.4240,392.39,0.9937,true
8.4400,393.77,0.9919,true
8.4560,395.85,0.9874,true
8.4720,396.65,0.9692,true
8.4880,396.13,0.9615,true
8.5040,395.35,0.9596,true
8.5200,394.01,0.8986,true
8.5360,393.57,0.8723,true
8.5520,393.80,0.8962,true
8.5680,393.71,0.9327,true
8.5840,394.00,0.9521,true
8.6000,396.09,0.9584,true
8.6160,396.81,0.9126,true
8.6320,397.00,0.7316,true
8.6480,396.41,0.5051,false
8.6640,393.12,0.5326,false
8.6800,390.88,0.5255,false
8.6960,385.34,0.4566,false
8.7120,340.07,0.5717,false
8.7280,335.17,0.8680,true
8.7440,333.17,0.9618,true
8.7600,329.77,0.9926,true
8.7760,328.53,0.9966,true
8.7920,328.45,0.9974,true
8.8080,328.53,0.9989,true
8.8240,328.58,0.9991,true
8.8400,328.86,0.9994,true
8.8560,330.34,0.9993,true
8.8720,332.80,0.9986,true
8.8880,332.78,0.9942,true
8.9040,331.10,0.9852,true
8.9200,329.20,0.9829,true
8.9360,330.65,0.9950,true
8.9520,332.40,0.9984,true
8.9680,332.82,0.9977,true
8.9840,330.96,0.9864,true
9.0000,328.30,0.9587,true
9.0160,326.83,0.9198,true
9.0320,326.67,0.8457,true
9.0480,326.08,0.8403,true
9.0640,326.02,0.9089,true
9.0800,329.07,0.9572,true
9.0960,331.07,0.9667,true
9.1120,329.73,0.8934,true
9.1280,327.93,0.8013,true
9.1440,327.62,0.8222,true
9.1600,326.34,0.8837,true
9.1760,323.70,0.9255,true
9.1920,324.47,0.9534,true
9.2080,328.95,0.9810,true
9.2240,331.36,0.9957,true
9.2400,331.18,0.9987,true
9.2560,330.45,0.9992,true
9.2720,329.54,0.9994,true
9.2880,328.82,0.9994,true
9.3040,328.80,0.9994,true
9.3200,328.90,0.9996,true
9.3360,329.26,0.9996,true
9.3520,332.28,0.9997,true
9.3680,334.90,0.9999,true
9.3840,335.90,0.9998,true
9.4000,338.31,0.9986,true
9.4160,338.90,0.9941,true
9.4320,335.75,0.9824,true
9.4480,332.06,0.9784,true
9.4640,331.47,0.9771,true
9.4800,331.26,0.9869,true
9.4960,330.49,0.9871,true
9.5120,330.58,0.9701,true
9.5280,329.67,0.8570,true
9.5440,326.38,0.7005,true
9.5600,321.72,0.4921,false
9.5760,413.82,0.1710,false
9.5920,424.94,0.4018,false
9.6080,428.49,0.5531,false
9.6240,426.67,0.6130,true
9.6400,424.27,0.6768,true
9.6560,415.27,0.8208,true
9.6720,406.54,0.8310,true
9.6880,396.22,0.8154,true
9.7040,391.33,0.9198,true
9.7200,390.25,0.9243,true
9.7360,390.00,0.8609,true
9.7520,389.91,0.8069,true
9.7680,389.84,0.6879,true
9.7840,1180.76,0.4243,false
9.8000,1180.82,0.6616,false
9.8160,1180.79,0.7783,false
9.8320,1180.71,0.7984,false
9.8480,1180.71,0.8256,false
9.8640,1180.75,0.8244,false
9.8800,1180.76,0.7885,false
9.8960,1180.77,0.8867,false
9.9120,1180.74,0.7889,false
9.9280,1180.73,0.6744,false
9.9440,1180.69,0.5871,false
9.9600,1180.44,0.6700,false
9.9760,1178.52,0.4068,false
9.9920,386.58,0.6058,true
10.0080,386.61,0.6968,true
10.0240,386.46,0.4398,false
10.0400,791.12,0.2400,false
10.0560,800.73,0.3139,false
10.0720,806.91,0.2413,false
10.0880,313.95,0.8751,true
10.1040,316.51,0.9716,true
10.1200,327.71,0.9765,true
10.1360,336.58,0.9933,true
10.1520,339.49,0.9978,true
10.1680,337.58,0.9975,true
10.1840,333.88,0.9986,true
10.2000,330.03,0.9991,true
10.2160,326.88,0.9995,true
10.2320,325.98,0.9996,true
10.2480,326.50,0.9997,true
10.2640,327.65,0.9998,true
10.2800,328.45,0.9999,true
10.2960,329.74,0.9999,true
10.3120,333.38,1.0000,true
10.3280,334.78,1.0000,true
10.3440,334.83,1.0000,true
10.3600,334.69,1.0000,true
10.3760,334.11,0.9999,true
10.3920,333.68,0.9999,true
10.4080,333.74,0.9999,true
10.4240,330.19,0.9960,true
10.4400,313.39,0.9363,true
10.4560,286.07,0.9262,true
10.4720,269.94,0.9163,true
10.4880,259.09,0.9456,true
10.5040,255.92,0.9734,true
10.5200,257.68,0.9755,true
10.5360,261.93,0.9916,true
10.5520,261.17,0.9979,true
10.5680,259.32,0.9991,true
10.5840,258.06,0.9990,true
10.6000,258.85,0.9989,true
10.6160,258.99,0.9996,true
10.6320,259.27,0.9999,true
10.6480,260.69,1.0000,true
10.6640,261.20,1.0000,true
10.6800,261.26,1.0000,true
10.6960,261.21,1.0000,true
10.7120,261.24,1.0000,true
10.7280,261.31,1.0000,true
10.7440,261.34,1.0000,true
10.7600,261.43,0.9999,true
10.7760,261.57,0.9999,true
10.7920,261.64,0.9999,true
10.8080,261.52,1.0000,true
10.8240,261.35,1.0000,true
10.8400,261.32,1.0000,true
10.8560,261.33,1.0000,true
10.8720,261.38,0.9999,true
10.8880,262.01,0.9998,true
10.9040,262.93,0.9989,true
10.9200,262.53,0.9945,true
10.9360,262.48,0.9795,true
10.9520,263.02,0.9736,true
10.9680,263.31,0.9727,true
10.9840,262.17,0.9604,true
11.0000,260.93,0.9396,true
11.0160,260.79,0.9488,true
11.0320,259.28,0.9452,true
11.0480,258.13,0.8827,true
11.0640,259.22,0.7850,true
11.0800,259.44,0.7608,true
11.0960,260.64,0.7389,true
11.1120,262.32,0.6157,true
11.1280,1305.21,0.4536,false
11.1440,1293.41,0.3959,false
11.1600,1250.58,0.3351,false
11.1760,1299.18,0.4115,false
11.1920,1305.40,0.4480,false
11.2080,1297.59,0.2406,false
11.2240,260.81,0.7323,true
11.2400,261.82,0.8756,true
11.2560,262.39,0.8709,true
11.2720,260.15,0.6234,true
11.2880,480.65,0.3816,false
11.3040,457.50,0.4205,false
11.3200,444.58,0.4958,false
11.3360,439.29,0.5363,false
11.3520,421.23,0.3136,false
11.3680,383.59,0.3286,false
11.3840,350.95,0.3558,false
11.4000,319.65,0.4210,false
11.4160,306.58,0.6416,true
11.4320,299.86,0.8612,true
11.4480,298.22,0.9792,true
11.4640,297.81,0.9901,true
11.4800,296.17,0.9833,true
11.4960,293.27,0.9640,true
11.5120,291.68,0.9668,true
11.5280,289.29,0.9875,true
11.5440,290.14,0.9839,true
11.5600,292.37,0.9776,true
11.5760,292.95,0.9867,true
11.5920,292.97,0.9918,true
11.6080,292.89,0.9890,true
11.6240,292.79,0.9713,true
11.6400,292.85,0.9331,true
11.6560,292.95,0.8588,true
11.6720,292.95,0.7359,true
11.6880,292.93,0.7173,true
11.7040,293.00,0.8507,true
11.7200,293.03,0.9740,true
11.7360,293.03,0.9968,true
11.7520,293.03,0.9983,true
11.7680,293.03,0.9955,true
11.7840,293.04,0.9854,true
11.8000,293.09,0.9895,true
11.8160,293.30,0.9967,true
11.8320,293.53,0.9994,true
11.8480,293.66,0.9996,true
11.8640,293.80,0.9990,true
11.8800,293.88,0.9983,true
11.8960,293.83,0.9980,true
11.9120,294.19,0.9984,true
11.9280,294.81,0.9987,true
11.9440,295.33,0.9988,true
11.9600,295.29,0.9989,true
11.9760,294.62,0.9990,true
11.9920,293.73,0.9993,true
12.0080,293.25,0.9995,true
12.0240,293.17,0.9994,true
12.0400,293.24,0.9994,true
12.0560,293.56,0.9994,true
12.0720,294.86,0.9996,true
12.0880,297.13,0.9998,true
12.1040,298.31,0.9999,true
12.1200,298.61,0.9999,true
12.1360,298.60,0.9999,true
12.1520,298.55,0.9998,true
12.1680,298.49,0.9998,true
12.1840,298.14,0.9997,true
12.2000,296.86,0.9990,true
12.2160,296.41,0.9945,true
12.2320,296.71,0.9771,true
12.2480,295.77,0.9178,true
12.2640,293.95,0.7662,true
12.2800,293.34,0.6830,true
12.2960,293.69,0.8138,true
12.3120,293.67,0.8699,true
12.3280,294.26,0.8165,true
12.3440,295.44,0.5900,false
12.3600,1486.55,0.2091,false
12.3760,320.45,0.8069,true
12.3920,318.82,0.9078,true
12.4080,322.81,0.9676,true
12.4240,325.87,0.9815,true
12.4400,327.64,0.9841,true
12.4560,328.14,0.9859,true
12.4720,328.49,0.9872,true
12.4880,328.94,0.9918,true
12.5040,328.53,0.9949,true
12.5200,327.88,0.9974,true
12.5360,326.65,0.9992,true
12.5520,324.00,0.9997,true
12.5680,323.60,0.9998,true
12.5840,326.86,0.9998,true
12.6000,328.48,0.9998,true
12.6160,329.09,0.9997,true
12.6320,332.24,0.9998,true
12.6480,333.41,0.9999,true
12.6640,333.65,0.9998,true
12.6800,333.39,0.9997,true
12.6960,331.72,0.9993,true
12.7120,329.29,0.9974,true
12.7280,327.67,0.9848,true
12.7440,298.73,0.8742,true
12.7600,288.63,0.9477,true
12.7760,289.38,0.9549,true
12.7920,292.23,0.9791,true
12.8080,293.05,0.9957,true
12.8240,293.04,0.9982,true
12.8400,293.03,0.9984,true
12.8560,293.04,0.9993,true
12.8720,293.04,0.9997,true
12.8880,293.04,0.9997,true
12.9040,293.06,0.9998,true
12.9200,293.19,0.9998,true
12.9360,293.75,0.9999,true
12.9520,294.57,0.9999,true
12.9680,294.85,0.9999,true
12.9840,295.01,0.9999,true
13.0000,295.54,0.9999,true
13.0160,296.24,0.9999,true
13.0320,296.36,0.9999,true
13.0480,295.73,0.9999,true
13.0640,295.87,0.9999,true
13.0800,296.68,0.9998,true
13.0960,296.27,0.9995,true
13.1120,294.64,0.9986,true
13.1280,293.21,0.9973,true
13.1440,291.78,0.9961,true
13.1600,289.44,0.9908,true
13.1760,286.94,0.9527,true
13.1920,289.28,0.8387,true
13.2080,292.53,0.7835,true
13.2240,292.95,0.8212,true
13.2400,290.82,0.6667,true
13.2560,284.90,0.4438,false
13.2720,275.52,0.6124,true
13.2880,267.59,0.9028,true
13.3040,265.15,0.9734,true
13.3200,263.39,0.9930,true
13.3360,261.39,0.9976,true
13.3520,260.95,0.9980,true
13.3680,261.21,0.9989,true
13.3840,261.30,0.9995,true
13.4000,261.31,0.9995,true
13.4160,261.31,0.9996,true
13.4320,261.31,0.9997,true
13.4480,261.32,0.9998,true
13.4640,261.32,0.9998,true
13.4800,261.31,0.9998,true
13.4960,261.31,0.9996,true
13.5120,261.31,0.9991,true
13.5280,261.32,0.9988,true
13.5440,261.32,0.9987,true
13.5600,261.32,0.9978,true
13.5760,261.34,0.9952,true
13.5920,261.72,0.9912,true
13.6080,264.07,0.9877,true
13.6240,266.13,0.9766,true
13.6400,264.63,0.9515,true
13.6560,263.17,0.9396,true
13.6720,264.90,0.9080,true
13.6880,275.17,0.8080,true
13.7040,290.96,0.5689,false
13.7200,324.00,0.6527,true
13.7360,335.13,0.8961,true
13.7520,338.57,0.9789,true
13.7680,339.30,0.9922,true
13.7840,337.15,0.9952,true
13.8000,332.85,0.9940,true
13.8160,327.07,0.9924,true
13.8320,323.73,0.9948,true
13.8480,323.10,0.9961,true
13.8640,322.97,0.9958,true
13.8800,323.14,0.9969,true
13.8960,323.10,0.9965,true
13.9120,324.45,0.9951,true
13.9280,327.46,0.9962,true
13.9440,332.78,0.9989,true
13.9600,334.81,0.9999,true
13.9760,334.97,1.0000,true
13.9920,335.07,1.0000,true
14.0080,335.30,1.0000,true
14.0240,335.51,0.9999,true
14.0400,335.40,0.9996,true
14.0560,334.68,0.9992,true
14.0720,333.92,0.9980,true
14.0880,331.15,0.9915,true
14.1040,328.26,0.9774,true
14.1200,330.78,0.9468,true
14.1360,338.61,0.9315,true
14.1520,366.48,0.7563,true
14.1680,406.53,0.8958,true
14.1840,404.12,0.9241,true
14.2000,398.10,0.9447,true
14.2160,394.54,0.9695,true
14.2320,391.52,0.9858,true
14.2480,390.56,0.9931,true
14.2640,390.34,0.9949,true
14.2800,390.26,0.9961,true
14.2960,390.19,0.9952,true
14.3120,389.93,0.9912,true
14.3280,388.21,0.9806,true
14.3440,385.20,0.9466,true
14.3600,384.06,0.8740,true
14.3760,385.68,0.7445,true
14.3920,388.40,0.7760,true
14.4080,389.53,0.9024,true
14.4240,390.16,0.9717,true
14.4400,390.56,0.9456,true
14.4560,391.32,0.7034,true
14.4720,391.10,0.3920,false
14.4880,790.47,0.3516,false
14.5040,790.56,0.4376,false
14.5200,390.51,0.5805,false
14.5360,390.54,0.6315,true
14.5520,390.88,0.5680,false
14.5680,391.64,0.5495,false
14.5840,391.19,0.4678,false
14.6000,789.81,0.4273,false
14.6160,796.65,0.3820,false
14.6320,799.49,0.4643,false
14.6480,793.76,0.5449,false
14.6640,793.77,0.4337,false
14.6800,1556.10,0.2862,false
14.6960,394.47,0.3468,false
14.7120,814.73,0.3482,false
14.7280,807.27,0.4821,false
14.7440,795.69,0.5059,false
14.7600,792.26,0.5609,false
14.7760,794.96,0.6132,true
14.7920,798.25,0.6265,true
14.8080,804.22,0.4417,false
14.8240,789.53,0.3353,false
14.8400,758.81,0.2278,false
14.8560,1270.44,0.1442,false
14.8720,394.47,0.1139,false
14.8880,268.05,0.4205,false
14.9040,550.77,0.6310,true
14.9200,546.52,0.7525,true
14.9360,532.96,0.6666,true
14.9520,523.79,0.6770,true
14.9680,522.35,0.6466,true
14.9840,521.61,0.5665,false
15.0000,521.47,0.6153,true
15.0160,526.26,0.7830,true
15.0320,541.98,0.9279,true
15.0480,547.61,0.9520,true
15.0640,545.74,0.9396,true
15.0800,534.27,0.9252,true
15.0960,523.99,0.9749,true
15.1120,522.26,0.9868,true
15.1280,520.85,0.9906,true
15.1440,519.89,0.9949,true
15.1600,519.34,0.9962,true
15.1760,518.39,0.9927,true
15.1920,517.00,0.9805,true
15.2080,517.73,0.9833,true
15.2240,518.75,0.9941,true
15.2400,519.10,0.9981,true
15.2560,519.39,0.9982,true
15.2720,519.57,0.9972,true
15.2880,519.60,0.9973,true
15.3040,519.60,0.9983,true
15.3200,519.60,0.9988,true
15.3360,519.60,0.9992,true
15.3520,519.60,0.9983,true
15.3680,519.61,0.9924,true
15.3840,519.62,0.9836,true
15.4000,519.67,0.9819,true
15.4160,519.94,0.9738,true
15.4320,520.64,0.9754,true
15.4480,520.64,0.9777,true
15.4640,520.64,0.9542,true
15.4800,520.68,0.9075,true
15.4960,522.74,0.7692,true
15.5120,531.98,0.5413,false
15.5280,1114.33,0.4341,false
15.5440,1114.71,0.5361,false
15.5600,1112.23,0.4568,false
15.5760,1568.11,0.1843,false
15.5920,1067.33,0.3385,false
15.6080,1053.09,0.3130,false
15.6240,1568.77,0.2420,false
15.6400,1060.94,0.3550,false
15.6560,1056.16,0.4109,false
15.6720,1054.20,0.3929,false
15.6880,1057.37,0.2844,false
15.7040,422.84,0.4260,false
15.7200,412.38,0.6656,true
15.7360,399.61,0.7419,true
15.7520,390.43,0.7821,true
15.7680,388.14,0.8110,true
15.7840,389.86,0.8165,true
15.8000,391.23,0.7600,true
15.8160,393.34,0.6563,true
15.8320,393.37,0.6203,true
15.8480,392.88,0.5971,false
15.8640,392.96,0.6030,true
15.8800,790.13,0.5251,false
15.8960,790.05,0.6552,true
15.9120,787.07,0.4502,false
15.9280,781.67,0.2795,false
15.9440,2056.89,0.3069,false
15.9600,787.87,0.1450,false
15.9760,522.05,0.3563,false
15.9920,519.82,0.6303,true
16.0080,519.65,0.8481,true
16.0240,519.59,0.8849,true
16.0400,519.58,0.8799,true
16.0560,519.58,0.8893,true
16.0720,519.57,0.9067,true
16.0880,519.57,0.9262,true
16.1040,519.58,0.9551,true
16.1200,519.59,0.9522,true
16.1360,519.58,0.9007,true
16.1520,519.58,0.8996,true
16.1680,519.58,0.9399,true
16.1840,519.58,0.9800,true
16.2000,519.59,0.9918,true
16.2160,519.59,0.9920,true
16.2320,519.60,0.9894,true
16.2480,519.62,0.9849,true
16.2640,519.79,0.9563,true
16.2800,520.19,0.8510,true
16.2960,520.15,0.8296,true
16.3120,519.87,0.9331,true
16.3280,519.88,0.9386,true
16.3440,520.23,0.8807,true
16.3600,520.17,0.8038,true
16.3760,519.94,0.8199,true
16.3920,519.71,0.8582,true
16.4080,519.76,0.8584,true
16.4240,520.49,0.7985,true
16.4400,520.72,0.8051,true
16.4560,520.15,0.8349,true
16.4720,519.75,0.8645,true
16.4880,519.58,0.8422,true
16.5040,519.42,0.5800,false
16.5200,1056.77,0.4271,false
16.5360,1058.62,0.3553,false
16.5520,1573.19,0.4237,false
16.5680,1060.77,0.3177,false
16.5840,521.98,0.3571,false
16.6000,1570.96,0.1683,false
16.6160,791.47,0.1347,false
16.6320,395.02,0.4749,false
16.6480,391.81,0.6352,true
16.6640,391.63,0.6635,true
16.6800,391.71,0.8394,true
16.6960,391.02,0.9179,true
16.7120,391.19,0.9631,true
16.7280,391.65,0.9739,true
16.7440,391.43,0.9456,true
16.7600,390.70,0.8491,true
16.7760,390.42,0.7693,true
16.7920,390.68,0.6933,true
16.8080,391.06,0.5507,false
16.8240,790.74,0.4874,false
16.8400,790.83,0.4675,false
16.8560,266.26,0.9797,true
16.8720,263.49,0.9942,true
16.8880,261.21,0.9937,true
16.9040,263.24,0.9942,true
16.9200,264.63,0.9943,true
16.9360,265.45,0.9929,true
16.9520,265.71,0.9889,true
16.9680,264.31,0.9397,true
16.9840,262.47,0.8666,true
17.0000,261.87,0.7939,true
17.0160,261.79,0.7093,true
17.0320,261.88,0.6526,true
17.0480,261.97,0.5399,false
17.0640,519.58,0.5574,false
17.0800,519.58,0.5716,false
17.0960,519.58,0.7413,true
17.1120,519.58,0.8528,true
17.1280,519.58,0.8234,true
17.1440,519.58,0.7289,true
17.1600,519.58,0.6336,true
17.1760,519.58,0.6213,true
17.1920,519.57,0.7263,true
17.2080,519.18,0.7644,true
17.2240,513.10,0.6882,true
17.2400,496.48,0.4858,false
17.2560,480.86,0.2132,false
17.2720,205.01,0.4696,false
17.2880,200.66,0.6057,true
17.3040,198.04,0.6905,true
17.3200,197.82,0.5997,false
17.3360,390.96,0.5419,false
17.3520,390.70,0.7289,true
17.3680,390.30,0.8749,true
17.3840,390.22,0.8387,true
17.4000,390.21,0.8238,true
17.4160,390.21,0.8608,true
17.4320,390.20,0.9289,true
17.4480,390.20,0.9540,true
17.4640,390.20,0.9394,true
17.4800,390.19,0.8560,true
17.4960,390.19,0.8734,true
17.5120,390.19,0.9167,true
17.5280,390.20,0.9472,true
17.5440,390.20,0.9657,true
17.5600,390.20,0.9748,true
17.5760,390.20,0.9717,true
17.5920,390.20,0.9675,true
17.6080,390.21,0.9564,true
17.6240,390.36,0.9435,true
17.6400,391.67,0.9472,true
17.6560,395.20,0.9647,true
17.6720,397.27,0.9558,true
17.6880,396.66,0.9120,true
17.7040,394.59,0.7471,true
17.7200,391.36,0.5789,false
17.7360,388.19,0.4392,false
17.7520,388.95,0.4759,false
17.7680,391.62,0.6337,true
17.7840,394.77,0.7688,true
17.8000,394.16,0.7678,true
17.8160,391.42,0.7030,true
17.8320,374.53,0.4011,false
17.8480,328.20,0.4081,false
17.8640,324.19,0.5495,false
17.8800,157.15,0.5466,false
17.8960,158.06,0.7596,true
17.9120,159.66,0.6763,true
17.9280,327.73,0.6969,true
17.9440,328.16,0.7834,true
17.9600,328.34,0.8253,true
17.9760,328.48,0.9150,true
17.9920,328.58,0.9871,true
18.0080,328.59,0.9924,true
18.0240,328.59,0.9814,true
18.0400,328.58,0.9656,true
18.0560,328.58,0.9464,true
18.0720,328.59,0.9502,true
18.0880,328.60,0.9662,true
18.1040,328.62,0.9626,true
18.1200,328.67,0.9739,true
18.1360,328.70,0.9822,true
18.1520,328.70,0.9858,true
18.1680,328.75,0.9872,true
18.1840,329.20,0.9905,true
18.2000,330.37,0.9925,true
18.2160,331.30,0.9788,true
18.2320,330.32,0.9046,true
18.2480,329.07,0.8047,true
18.2640,328.80,0.8577,true
18.2800,329.43,0.9154,true
18.2960,329.45,0.9638,true
18.3120,329.56,0.9795,true
18.3280,329.94,0.9729,true
18.3440,328.75,0.9445,true
18.3600,328.19,0.8709,true
18.3760,328.31,0.8335,true
18.3920,328.25,0.7798,true
18.4080,328.22,0.7697,true
18.4240,328.31,0.8152,true
18.4400,328.69,0.8229,true
18.4560,328.81,0.6861,true
18.4720,329.18,0.5735,false
18.4880,329.24,0.6578,true
18.5040,328.89,0.7080,true
18.5200,328.68,0.6243,true
18.5360,328.58,0.4527,false
18.5520,328.68,0.5266,false
18.5680,328.78,0.6745,true
18.5840,328.94,0.6581,true
18.6000,329.11,0.5750,false
18.6160,328.76,0.5479,false
18.6320,327.91,0.6290,true
18.6480,327.23,0.3979,false
18.6640,195.45,0.3548,false
18.6800,387.93,0.4658,false
18.6960,390.34,0.8276,true
18.7120,390.63,0.8699,true
18.7280,390.60,0.6937,true
18.7440,198.49,0.8423,true
18.7600,198.19,0.7987,true
18.7760,390.22,0.4971,false
18.7920,390.20,0.6492,true
18.8080,196.25,0.5289,false
18.8240,196.24,0.7860,true
18.8400,196.22,0.7985,true
18.8560,196.20,0.7010,true
18.8720,196.16,0.7444,true
18.8880,196.16,0.7468,true
18.9040,196.17,0.7122,true
18.9200,196.14,0.6467,true
18.9360,196.05,0.6503,true
18.9520,195.93,0.6649,true
18.9680,390.20,0.4897,false
18.9840,390.20,0.6066,true
19.0000,390.20,0.5038,false
19.0160,196.28,0.6646,true
19.0320,196.32,0.7011,true
19.0480,196.43,0.5352,false
19.0640,390.20,0.6411,true
19.0800,390.20,0.6745,true
19.0960,390.20,0.6611,true
19.1120,390.20,0.6701,true
19.1280,390.20,0.6909,true
19.1440,390.25,0.5592,false
19.1600,1180.75,0.6196,false
19.1760,1180.74,0.6418,false
19.1920,1180.74,0.4845,false
19.2080,790.77,0.4465,false
19.2240,790.77,0.4296,false
19.2400,790.80,0.4981,false
19.2560,790.81,0.5815,false
19.2720,790.81,0.4572,false
19.2880,1180.83,0.3909,false
19.3040,790.80,0.4942,false
19.3200,790.79,0.6734,true
19.3360,790.79,0.8126,true
19.3520,790.79,0.7016,true
19.3680,790.79,0.5423,false
19.3840,1180.74,0.5218,false
19.4000,1180.75,0.6662,false
19.4160,1180.76,0.6691,false
19.4320,1180.76,0.5992,false
19.4480,1180.77,0.4942,false
19.4640,390.41,0.3422,false
19.4800,390.45,0.6468,true
19.4960,390.83,0.6174,true
19.5120,390.91,0.5553,false
19.5280,1177.96,0.3322,false
19.5440,1177.47,0.4254,false
19.5600,1174.55,0.4714,false
19.5760,290.33,0.3107,false
19.5920,291.55,0.6212,true
19.6080,293.18,0.7799,true
19.6240,301.03,0.8799,true
19.6400,302.70,0.9406,true
19.6560,301.30,0.9032,true
19.6720,296.78,0.8514,true
19.6880,293.74,0.6433,true
19.7040,147.36,0.7068,true
19.7200,147.37,0.8042,true
19.7360,147.37,0.6019,true
19.7520,293.03,0.7784,true
19.7680,293.03,0.9093,true
19.7840,293.03,0.9575,true
19.8000,293.04,0.9806,true
19.8160,293.06,0.9869,true
19.8320,293.13,0.9849,true
19.8480,293.58,0.9882,true
19.8640,295.21,0.9956,true
19.8800,297.60,0.9981,true
19.8960,298.14,0.9985,true
19.9120,297.79,0.9974,true
19.9280,296.12,0.9959,true
19.9440,294.66,0.9938,true
19.9600,295.39,0.9912,true
19.9760,297.69,0.9956,true
19.9920,298.91,0.9971,true
20.0080,299.40,0.9838,true
20.0240,297.74,0.8768,true
20.0400,294.49,0.5087,false
20.0560,305.68,0.4071,false
20.0720,348.72,0.7561,true
20.0880,355.73,0.9740,true
20.1040,355.64,0.9976,true
20.1200,354.24,0.9991,true
20.1360,350.33,0.9941,true
20.1520,347.98,0.9878,true
20.1680,347.78,0.9794,true
20.1840,347.94,0.9904,true
20.2000,347.97,0.9972,true
20.2160,347.97,0.9983,true
20.2320,347.97,0.9978,true
20.2480,347.96,0.9967,true
20.2640,347.97,0.9983,true
20.2800,347.98,0.9993,true
20.2960,348.11,0.9984,true
20.3120,352.04,0.9988,true
20.3280,354.81,0.9999,true
20.3440,357.29,0.9998,true
20.3600,360.66,0.9995,true
20.3760,360.39,0.9979,true
20.3920,357.18,0.9917,true
20.4080,355.15,0.9917,true
20.4240,354.41,0.9958,true
20.4400,352.95,0.9894,true
20.4560,349.79,0.9310,true
20.4720,346.91,0.7197,true
20.4880,351.51,0.5493,false
20.5040,362.55,0.5906,false
20.5200,342.87,0.7301,true
20.5360,336.84,0.9317,true
20.5520,335.76,0.9714,true
20.5680,333.86,0.9975,true
20.5840,332.22,0.9999,true
20.6000,330.24,1.0000,true
20.6160,329.36,1.0000,true
20.6320,329.90,1.0000,true
20.6480,329.33,1.0000,true
20.6640,328.78,1.0000,true
20.6800,328.60,1.0000,true
20.6960,328.55,1.0000,true
20.7120,328.55,1.0000,true
20.7280,328.57,1.0000,true
20.7440,328.58,1.0000,true
20.7600,328.60,1.0000,true
20.7760,328.68,0.9999,true
20.7920,328.89,0.9999,true
20.8080,329.22,0.9999,true
20.8240,329.57,0.9999,true
20.8400,329.55,0.9999,true
20.8560,329.24,0.9988,true
20.8720,328.80,0.9814,true
20.8880,327.45,0.8548,true
20.9040,1711.49,0.4708,false
20.9200,1718.57,0.3039,false
20.9360,281.96,0.9719,true
20.9520,280.99,0.9958,true
20.9680,282.79,0.9990,true
20.9840,286.13,0.9994,true
21.0000,289.93,0.9992,true
21.0160,292.84,0.9997,true
21.0320,293.01,0.9997,true
21.0480,293.02,0.9995,true
21.0640,293.02,0.9998,true
21.0800,293.03,0.9999,true
21.0960,293.03,1.0000,true
21.1120,293.03,1.0000,true
21.1280,293.06,1.0000,true
21.1440,293.18,1.0000,true
21.1600,293.64,0.9999,true
21.1760,293.62,0.9999,true
21.1920,293.69,0.9999,true
21.2080,294.64,0.9996,true
21.2240,296.18,0.9994,true
21.2400,297.38,0.9992,true
21.2560,298.09,0.9995,true
21.2720,298.12,0.9992,true
21.2880,298.06,0.9984,true
21.3040,296.30,0.9935,true
21.3200,278.65,0.9895,true
21.3360,268.17,0.9963,true
21.3520,264.51,0.9977,true
21.3680,261.01,0.9988,true
21.3840,260.20,0.9994,true
21.4000,260.47,0.9995,true
21.4160,261.30,0.9997,true
21.4320,261.37,0.9997,true
21.4480,261.32,0.9998,true
21.4640,261.32,0.9999,true
21.4800,261.32,0.9999,true
21.4960,261.32,1.0000,true
21.5120,261.32,1.0000,true
21.5280,261.31,1.0000,true
21.5440,261.31,1.0000,true
21.5600,261.30,1.0000,true
21.5760,261.31,0.9999,true
21.5920,261.32,0.9999,true
21.6080,261.32,0.9999,true
21.6240,261.32,0.9999,true
21.6400,261.35,0.9997,true
21.6560,261.58,0.9994,true
21.6720,263.03,0.9990,true
21.6880,266.28,0.9981,true
21.7040,271.13,0.9966,true
21.7200,276.83,0.9915,true
21.7360,277.49,0.9692,true
21.7520,266.66,0.9497,true
21.7680,262.82,0.9393,true
21.7840,262.20,0.9558,true
21.8000,262.35,0.9845,true
21.8160,262.37,0.9967,true
21.8320,262.22,0.9978,true
21.8480,262.19,0.9972,true
21.8640,261.70,0.9959,true
21.8800,261.37,0.9925,true
21.8960,261.39,0.9890,true
21.9120,261.71,0.9929,true
21.9280,261.73,0.9940,true
21.9440,261.65,0.9980,true
21.9600,261.49,0.9991,true
21.9760,261.35,0.9995,true
21.9920,261.31,0.9995,true
22.0080,261.30,0.9994,true
22.0240,261.31,0.9996,true
22.0400,261.33,0.9998,true
22.0560,261.38,0.9998,true
22.0720,261.49,0.9997,true
22.0880,261.57,0.9991,true
22.1040,261.67,0.9981,true
22.1200,261.97,0.9956,true
22.1360,262.02,0.9927,true
22.1520,261.68,0.9953,true
22.1680,261.59,0.9964,true
22.1840,261.69,0.9967,true
22.2000,261.75,0.9972,true
22.2160,261.59,0.9982,true
22.2320,261.56,0.9983,true
22.2480,261.99,0.9980,true
22.2640,262.59,0.9969,true
22.2800,263.03,0.9921,true
22.2960,263.20,0.9818,true
22.3120,263.28,0.9833,true
22.3280,263.55,0.9861,true
22.3440,264.09,0.9743,true
22.3600,264.81,0.9742,true
22.3760,265.38,0.9813,true
22.3920,265.44,0.9835,true
22.4080,264.80,0.9817,true
22.4240,263.88,0.9583,true
22.4400,263.92,0.8923,true
22.4560,264.28,0.8571,true
22.4720,264.60,0.7760,true
22.4880,265.02,0.7087,true
22.5040,790.77,0.4304,false
22.5200,790.80,0.5490,false
22.5360,790.78,0.5163,false
22.5520,790.64,0.3768,false
22.5680,790.50,0.3308,false
22.5840,790.50,0.3729,false
22.6000,790.52,0.3609,false
22.6160,790.93,0.3156,false
22.6320,282.38,0.4494,false
22.6480,100.79,0.3190,false
22.6640,100.75,0.3866,false
22.6800,100.74,0.4252,false
22.6960,100.74,0.3926,false
22.7120,285.58,0.4059,false
22.7280,285.13,0.4580,false
22.7440,283.49,0.4761,false
22.7600,282.35,0.4504,false
22.7760,279.73,0.4189,false
22.7920,277.65,0.3658,false
22.8080,1777.25,0.3429,false
22.8240,1774.34,0.3591,false
22.8400,1768.75,0.3258,false
22.8560,520.71,0.3189,false
22.8720,519.96,0.3287,false
22.8880,101.51,0.2859,false
22.9040,101.39,0.3010,false
22.9200,101.37,0.2615,false
22.9360,101.47,0.2398,false
22.9520,101.60,0.2519,false
22.9680,101.73,0.2439,false
22.9840,102.24,0.1914,false
23.0000,888.02,0.2743,false
23.0160,884.18,0.3503,false
23.0320,888.15,0.3145,false
23.0480,886.70,0.2525,false
23.0640,103.13,0.2954,false
23.0800,103.01,0.3449,false
23.0960,434.53,0.3152,false
23.1120,434.65,0.4058,false
23.1280,433.25,0.3434,false
23.1440,430.16,0.2794,false
23.1600,427.82,0.2416,false
23.1760,426.49,0.2021,false
23.1920,104.44,0.2616,false
23.2080,104.51,0.2612,false
23.2240,104.55,0.2499,false
23.2400,104.35,0.2365,false
23.2560,1656.64,0.1849,false
23.2720,1634.73,0.2562,false
23.2880,1619.68,0.3441,false
23.3040,1606.76,0.4663,false
23.3200,1610.02,0.5883,false
23.3360,1601.99,0.6817,false
23.3520,1589.63,0.8016,false
23.3680,1579.41,0.9118,false
23.3840,1576.43,0.9310,false
23.4000,1577.76,0.8828,false
23.4160,1581.33,0.6719,false
23.4320,1578.50,0.4655,false
23.4480,1567.17,0.4227,false
23.4640,1565.12,0.4752,false
23.4800,1567.03,0.5161,false
23.4960,1564.41,0.4200,false
23.5120,1553.85,0.3229,false
23.5280,891.36,0.2777,false
23.5440,1529.15,0.3668,false
23.5600,1551.62,0.4191,false
23.5760,277.58,0.3833,false
23.5920,277.36,0.2971,false
23.6080,1522.80,0.3666,false
23.6240,1475.75,0.4144,false
23.6400,1510.16,0.5003,false
23.6560,1537.74,0.5097,false
23.6720,1554.47,0.5129,false
23.6880,1563.96,0.3763,false
23.7040,1582.08,0.2711,false
23.7200,1930.24,0.2381,false
23.7360,1916.65,0.2613,false
23.7520,1906.83,0.2947,false
23.7680,101.47,0.2999,false
23.7840,101.35,0.4391,false
23.8000,101.69,0.4188,false
23.8160,101.98,0.3630,false
23.8320,102.18,0.3257,false
23.8480,102.23,0.3283,false
23.8640,102.71,0.3141,false
23.8800,615.19,0.1903,false
23.8960,614.99,0.2643,false
23.9120,614.93,0.3593,false
23.9280,614.23,0.3994,false
23.9440,611.94,0.3301,false
23.9600,101.38,0.2605,false
23.9760,101.53,0.2112,false
23.9920,102.02,0.2006,false
24.0080,842.08,0.1278,false
24.0240,425.52,0.1589,false
24.0400,211.69,0.7078,true
24.0560,213.58,0.8943,true
24.0720,215.77,0.9498,true
24.0880,217.20,0.9640,true
24.1040,218.66,0.9743,true
24.1200,221.28,0.9852,true
24.1360,224.03,0.9878,true
24.1520,227.53,0.9543,true
24.1680,237.08,0.8307,true
24.1840,241.46,0.7365,true
24.2000,243.58,0.4022,false
24.2160,119.65,0.2660,false
24.2320,119.38,0.3620,false
24.2480,176.88,0.1851,false
24.2640,114.95,0.3810,false
24.2800,111.13,0.4470,false
24.2960,99.55,0.4904,false
24.3120,97.56,0.3437,false
24.3280,111.18,0.3116,false
24.3440,322.48,0.3078,false
24.3600,323.71,0.2314,false
24.3760,333.03,0.3745,false
24.3920,333.46,0.6851,true
24.4080,327.00,0.8432,true
24.4240,316.35,0.8713,true
24.4400,307.64,0.8509,true
24.4560,302.54,0.7769,true
24.4720,302.63,0.6819,true
24.4880,306.61,0.6584,true
24.5040,307.29,0.6117,true
24.5200,304.46,0.5318,false
24.5360,306.82,0.3839,false
24.5520,312.44,0.3780,false
24.5680,310.79,0.4840,false
24.5840,307.23,0.5235,false
24.6000,304.27,0.5417,false
24.6160,311.90,0.3720,false
24.6320,247.36,0.2857,false
24.6480,255.76,0.3096,false
24.6640,582.46,0.1046,false
24.6800,1234.43,0.0732,false
24.6960,104.13,0.2118,false
24.7120,235.33,0.2635,false
24.7280,229.03,0.3828,false
24.7440,102.70,0.3249,false
24.7600,81.06,0.3028,false
24.7760,101.29,0.1964,false
24.7920,172.71,0.2273,false
24.8080,304.31,0.1822,false
24.8240,164.29,0.1868,false
24.8400,330.16,0.2097,false
24.8560,165.63,0.2483,false
24.8720,163.27,0.2861,false
24.8880,161.23,0.4097,false
24.9040,160.87,0.6390,true
24.9200,158.95,0.7428,true
24.9360,152.29,0.8574,true
24.9520,149.94,0.9396,true
24.9680,146.59,0.9058,true
24.9840,140.70,0.8409,true
25.0000,139.91,0.6275,true
25.0160,139.87,0.5702,false
25.0320,140.40,0.6009,true
25.0480,142.56,0.6480,true
25.0640,147.86,0.6256,true
25.0800,167.74,0.4543,false
25.0960,168.05,0.3786,false
25.1120,166.88,0.4670,false
25.1280,170.98,0.4395,false
25.1440,177.35,0.3596,false
25.1600,360.41,0.2609,false
25.1760,549.68,0.1755,false
25.1920,185.58,0.2765,false
25.2080,184.91,0.2234,false
25.2240,1989.55,0.1223,false
25.2400,341.01,0.2779,false
25.2560,1722.76,0.1688,false
25.2720,1728.28,0.1786,false
25.2880,298.73,0.3643,false
25.3040,1092.26,0.1054,false
25.3200,275.50,0.5299,false
25.3360,267.03,0.6016,true
25.3520,258.95,0.5664,false
25.3680,254.76,0.4770,false
25.3840,199.52,0.2358,false
25.4000,128.57,0.2515,false
25.4160,142.46,0.5053,false
25.4320,142.82,0.5962,false
25.4480,134.81,0.6209,true
25.4640,128.24,0.5459,false
25.4800,104.48,0.5848,false
25.4960,101.66,0.8245,false
25.5120,98.88,0.5033,false
25.5280,79.11,0.5385,false
25.5440,76.87,0.3790,false
25.5600,77.22,0.2436,false
25.5760,545.38,0.1273,false
25.5920,540.74,0.1802,false
25.6080,537.94,0.1832,false
25.6240,740.70,0.1184,false
25.6400,745.01,0.1503,false
25.6560,744.19,0.1401,false
25.6720,742.38,0.1449,false
25.6880,751.72,0.1246,false
25.7040,371.59,0.1710,false
25.7200,101.79,0.2584,false
25.7360,102.37,0.4553,false
25.7520,100.63,0.3464,false
25.7680,1274.87,0.0888,false
25.7840,520.50,0.2040,false
25.8000,522.56,0.3050,false
25.8160,527.51,0.2555,false
25.8320,526.02,0.2145,false
25.8480,99.40,0.3734,false
25.8640,100.26,0.4388,false
25.8800,262.68,0.2258,false
25.8960,261.02,0.3063,false
25.9120,259.93,0.3343,false
25.9280,520.72,0.2143,false
25.9440,519.20,0.2317,false
25.9600,1769.20,0.2101,false
25.9760,263.02,0.3423,false
25.9920,264.33,0.3940,false
26.0080,265.05,0.3463,false
26.0240,102.48,0.3708,false
26.0400,102.26,0.4342,false
26.0560,101.83,0.4172,false
26.0720,101.68,0.4016,false
26.0880,101.86,0.2794,false
26.1040,102.32,0.2194,false
26.1200,1069.72,0.2589,false
26.1360,1074.94,0.2600,false
26.1520,1078.54,0.2211,false
26.1680,621.12,0.2051,false
26.1840,1103.41,0.2091,false
26.2000,102.02,0.1853,false
26.2160,1121.07,0.2394,false
26.2320,1132.92,0.2339,false
26.2480,404.73,0.2229,false
26.2640,405.64,0.2864,false
26.2800,403.54,0.3208,false
26.2960,403.01,0.2557,false
26.3120,403.61,0.2126,false
26.3280,102.39,0.1915,false
26.3440,1935.27,0.2276,false
26.3600,1912.45,0.2497,false
26.3760,1899.26,0.2611,false
26.3920,1894.95,0.2812,false
26.4080,1884.11,0.2947,false
26.4240,1878.90,0.3083,false
26.4400,1875.58,0.3108,false
26.4560,1870.38,0.3052,false
26.4720,1869.67,0.2957,false
26.4880,1791.16,0.3939,false
26.5040,1792.28,0.3885,false
26.5200,1779.48,0.3956,false
26.5360,1649.42,0.3544,false
26.5520,1650.59,0.3358,false
26.5680,1873.92,0.2882,false
26.5840,1884.49,0.2976,false
26.6000,1893.31,0.2670,false
26.6160,1897.81,0.2473,false
26.6320,1909.88,0.2238,false
26.6480,1917.34,0.1972,false
26.6640,1925.25,0.1987,false
26.6800,1929.20,0.1758,false
26.6960,1064.70,0.2530,false
26.7120,1039.30,0.2618,false
26.7280,1023.65,0.2978,false
26.7440,1009.36,0.3352,false
26.7600,1001.44,0.3652,false
26.7760,997.48,0.4040,false
26.7920,991.89,0.4576,false
26.8080,986.58,0.4579,false
26.8240,986.24,0.4658,false
26.8400,983.10,0.4584,false
26.8560,972.82,0.4062,false
26.8720,960.96,0.3362,false
26.8880,1931.07,0.2380,false
26.9040,1923.86,0.2601,false
26.9200,1930.84,0.3126,false
26.9360,1927.61,0.3510,false
26.9520,1951.31,0.3037,false
26.9680,1909.78,0.3542,false
26.9840,1894.10,0.3516,false
27.0000,1898.43,0.3272,false
27.0160,1897.23,0.2941,false
27.0320,1898.36,0.2612,false
27.0480,1910.40,0.2381,false
27.0640,1928.06,0.2396,false
27.0800,1925.97,0.2469,false
27.0960,1920.08,0.2413,false
27.1120,1928.39,0.2412,false
27.1280,1927.89,0.2218,false
27.1440,1112.28,0.2101,false
27.1600,1102.06,0.2730,false
27.1760,1099.24,0.2405,false
27.1920,1100.76,0.2228,false
27.2080,552.63,0.1358,false
27.2240,101.81,0.1408,false
27.2400,101.93,0.1457,false
27.2560,1039.55,0.2740,false
27.2720,1032.58,0.2639,false
27.2880,511.56,0.2593,false
27.3040,510.55,0.2984,false
27.3200,508.77,0.2583,false
27.3360,497.25,0.2219,false
27.3520,490.91,0.1958,false
27.3680,683.21,0.1118,false
27.3840,686.69,0.2121,false
27.4000,690.04,0.2243,false
27.4160,689.67,0.1789,false
27.4320,691.84,0.1285,false
27.4480,1587.24,0.1584,false
27.4640,1583.82,0.1614,false
27.4800,106.24,0.3267,false
27.4960,104.15,0.4555,false
27.5120,103.80,0.4337,false
27.5280,105.28,0.3491,false
27.5440,104.85,0.3746,false
27.5600,104.54,0.3911,false
27.5760,105.84,0.3745,false
27.5920,106.76,0.4203,false
27.6080,106.62,0.4841,false
27.6240,106.29,0.5345,false
27.6400,104.51,0.6071,false
27.6560,102.97,0.4392,false
27.6720,102.82,0.2510,false
27.6880,159.51,0.3983,false
27.7040,167.63,0.4931,false
27.7200,170.96,0.5180,false
27.7360,174.91,0.4452,false
27.7520,177.78,0.3756,false
27.7680,177.19,0.2948,false
27.7840,179.16,0.1694,false
27.8000,1979.81,0.1055,false
27.8160,2007.93,0.0957,false
27.8320,263.30,0.1899,false
27.8480,2012.79,0.1066,false
27.8640,2026.56,0.1486,false
27.8800,2034.77,0.1419,false
27.8960,288.47,0.4663,false
27.9120,290.79,0.7148,true
27.9280,286.98,0.6234,true
27.9440,277.04,0.5193,false
27.9600,253.62,0.6218,true
27.9760,243.43,0.7015,true
27.9920,237.41,0.6844,true
28.0080,239.60,0.6001,true
28.0240,247.67,0.6157,true
28.0400,252.13,0.4673,false
28.0560,1681.52,0.1408,false
28.0720,122.72,0.2955,false
28.0880,125.85,0.3968,false
28.1040,128.55,0.4345,false
28.1200,265.62,0.3724,false
28.1360,265.36,0.3202,false
28.1520,438.44,0.4526,false
28.1680,442.43,0.4163,false
28.1840,445.57,0.2982,false
28.2000,445.30,0.2064,false
28.2160,436.99,0.1765,false
28.2320,276.49,0.3029,false
28.2480,275.24,0.5187,false
28.2640,268.82,0.4799,false
28.2800,129.14,0.3000,false
28.2960,235.71,0.4726,false
28.3120,237.15,0.4208,false
28.3280,274.20,0.5088,false
28.3440,278.22,0.7538,true
28.3600,275.38,0.7894,true
28.3760,271.49,0.7041,true
28.3920,268.22,0.5528,false
28.4080,262.80,0.5361,false
28.4240,262.24,0.6359,true
28.4400,262.50,0.6318,true
28.4560,265.20,0.6382,true
28.4720,271.20,0.5678,false
28.4880,277.61,0.3703,false
28.5040,94.35,0.2284,false
28.5200,271.58,0.2517,false
28.5360,94.00,0.1646,false
28.5520,96.54,0.1897,false
28.5680,268.02,0.3438,false
28.5840,267.66,0.3091,false
28.6000,431.93,0.1062,false
28.6160,415.10,0.1368,false
28.6320,1862.26,0.1426,false
28.6480,1846.02,0.1704,false
28.6640,380.77,0.2273,false
28.6800,368.71,0.2048,false
28.6960,359.78,0.1704,false
28.7120,1847.27,0.1158,false
28.7280,169.42,0.2271,false
28.7440,165.50,0.3094,false
28.7600,160.60,0.3803,false
28.7760,160.09,0.3397,false
28.7920,287.87,0.4243,false
28.8080,282.18,0.4824,false
28.8240,152.55,0.4577,false
28.8400,149.75,0.6280,true
28.8560,149.88,0.7447,true
28.8720,150.27,0.7783,true
28.8880,155.11,0.7001,true
28.9040,158.12,0.5781,false
28.9200,158.00,0.3629,false
28.9360,270.32,0.4484,false
28.9520,269.90,0.5148,false
28.9680,269.74,0.5007,false
28.9840,269.53,0.3532,false
29.0000,272.30,0.3781,false
29.0160,273.71,0.3133,false
29.0320,273.02,0.2583,false
29.0480,270.71,0.2720,false
29.0640,96.19,0.3000,false
29.0800,96.22,0.2788,false
29.0960,266.45,0.4146,false
29.1120,279.57,0.4328,false
29.1280,289.32,0.6098,true
29.1440,299.91,0.6105,true
29.1600,310.20,0.4679,false
29.1760,311.09,0.4123,false
29.1920,314.35,0.4814,false
29.2080,317.69,0.4294,false
29.2240,321.19,0.5062,false
29.2400,327.84,0.6343,true
29.2560,334.27,0.6693,true
29.2720,333.00,0.3538,false
29.2880,164.71,0.4706,false
29.3040,168.26,0.4078,false
29.3200,170.32,0.3597,false
29.3360,113.97,0.2053,false
29.3520,115.03,0.2739,false
29.3680,334.05,0.3924,false
29.3840,333.16,0.4566,false
29.4000,326.97,0.3856,false
29.4160,308.23,0.2304,false
29.4320,116.38,0.2174,false
29.4480,236.57,0.2951,false
29.4640,240.75,0.4646,false
29.4800,244.40,0.5082,false
29.4960,237.62,0.6617,true
29.5120,227.87,0.7419,true
29.5280,219.08,0.8372,true
29.5440,214.11,0.8896,true
29.5600,209.16,0.8415,true
29.5760,203.21,0.4801,false
29.5920,342.97,0.2872,false
29.6080,333.21,0.3662,false
29.6240,283.48,0.5115,false
29.6400,274.42,0.8165,true
29.6560,268.48,0.9602,true
29.6720,263.04,0.9850,true
29.6880,258.09,0.9924,true
29.7040,256.36,0.9922,true
29.7200,257.42,0.9943,true
29.7360,260.63,0.9946,true
29.7520,261.28,0.9963,true
29.7680,260.16,0.9943,true
29.7840,254.69,0.9818,true
29.8000,246.51,0.9843,true
29.8160,244.61,0.9854,true
29.8320,257.13,0.9895,true
29.8480,262.07,0.9983,true
29.8640,263.35,0.9989,true
29.8800,264.86,0.9991,true
29.8960,266.27,0.9997,true
29.9120,265.63,0.9999,true
29.9280,263.02,0.9998,true
29.9440,261.38,0.9999,true
29.9600,261.07,0.9999,true
29.9760,261.10,0.9999,true
29.9920,261.30,0.9999,true
30.0080,261.33,0.9999,true
30.0240,261.36,0.9998,true
30.0400,261.41,0.9997,true
30.0560,261.42,0.9998,true
30.0720,261.35,0.9999,true
30.0880,261.32,0.9999,true
30.1040,261.31,0.9998,true
30.1200,261.29,0.9996,true
30.1360,261.23,0.9991,true
30.1520,261.11,0.9989,true
30.1680,261.24,0.9989,true
30.1840,261.44,0.9991,true
30.2000,261.73,0.9990,true
30.2160,261.95,0.9953,true
30.2320,261.72,0.9236,true
30.2480,268.95,0.7406,true
30.2640,294.26,0.9242,true
30.2800,298.69,0.9936,true
30.2960,298.35,0.9976,true
30.3120,295.60,0.9966,true
30.3280,293.43,0.9976,true
30.3440,293.08,0.9977,true
30.3600,293.01,0.9969,true
30.3760,293.00,0.9952,true
30.3920,293.00,0.9949,true
30.4080,293.00,0.9922,true
30.4240,292.94,0.9835,true
30.4400,292.87,0.9727,true
30.4560,292.87,0.9625,true
30.4720,292.43,0.9525,true
30.4880,289.69,0.9422,true
30.5040,276.95,0.9500,true
30.5200,270.77,0.9836,true
30.5360,267.94,0.9897,true
30.5520,264.29,0.9941,true
30.5680,262.22,0.9975,true
30.5840,261.51,0.9981,true
30.6000,260.36,0.9965,true
30.6160,256.30,0.9942,true
30.6320,250.68,0.9886,true
30.6480,240.75,0.9638,true
30.6640,223.54,0.9535,true
30.6800,213.70,0.9506,true
30.6960,201.99,0.9530,true
30.7120,196.01,0.9547,true
30.7280,195.73,0.9390,true
30.7440,197.08,0.9507,true
30.7600,197.57,0.9797,true
30.7760,197.45,0.9804,true
30.7920,197.14,0.9664,true
30.8080,196.21,0.9526,true
30.8240,195.15,0.9465,true
30.8400,194.78,0.9385,true
30.8560,195.26,0.9412,true
30.8720,196.16,0.9507,true
30.8880,198.08,0.9647,true
30.9040,199.77,0.9804,true
30.9200,200.03,0.9668,true
30.9360,199.70,0.8602,true
30.9520,197.02,0.5171,false
30.9680,269.06,0.2780,false
30.9840,270.94,0.8589,true
31.0000,270.90,0.9730,true
31.0160,269.77,0.9861,true
31.0320,263.03,0.9923,true
31.0480,257.97,0.9965,true
31.0640,255.57,0.9973,true
31.0800,254.74,0.9973,true
31.0960,256.04,0.9972,true
31.1120,260.34,0.9970,true
31.1280,263.44,0.9910,true
31.1440,264.63,0.8982,true
31.1600,259.78,0.5734,false
31.1760,257.38,0.3506,false
31.1920,258.46,0.6961,true
31.2080,257.80,0.9028,true
31.2240,257.36,0.9010,true
31.2400,260.40,0.8929,true
31.2560,263.27,0.9174,true
31.2720,262.24,0.8864,true
31.2880,258.99,0.7622,true
31.3040,256.42,0.6370,true
31.3200,256.45,0.6355,true
31.3360,257.40,0.6727,true
31.3520,255.78,0.5015,false
31.3680,255.07,0.4260,false
31.3840,253.32,0.2858,false
31.4000,383.03,0.1967,false
31.4160,391.84,0.4762,false
31.4320,395.60,0.8066,true
31.4480,396.26,0.9338,true
31.4640,391.83,0.9675,true
31.4800,385.00,0.9785,true
31.4960,385.12,0.9831,true
31.5120,386.87,0.9875,true
31.5280,388.72,0.9864,true
31.5440,391.87,0.9892,true
31.5600,393.14,0.9967,true
31.5760,395.60,0.9993,true
31.5920,396.98,0.9998,true
31.6080,397.38,0.9999,true
31.6240,397.35,1.0000,true
31.6400,396.98,0.9999,true
31.6560,396.66,0.9999,true
31.6720,396.40,0.9999,true
31.6880,396.37,0.9999,true
31.7040,396.95,0.9999,true
31.7200,397.23,0.9998,true
31.7360,396.29,0.9996,true
31.7520,393.25,0.9995,true
31.7680,391.07,0.9996,true
31.7840,390.48,0.9996,true
31.8000,390.34,0.9997,true
31.8160,390.28,0.9997,true
31.8320,390.25,0.9995,true
31.8480,390.29,0.9992,true
31.8640,390.40,0.9985,true
31.8800,390.54,0.9983,true
31.8960,390.70,0.9986,true
31.9120,391.14,0.9989,true
31.9280,392.28,0.9993,true
31.9440,394.02,0.9992,true
31.9600,394.71,0.9986,true
31.9760,394.95,0.9965,true
31.9920,394.64,0.9878,true
32.0080,395.53,0.9719,true
32.0240,396.64,0.9258,true
32.0400,398.65,0.7957,true
32.0560,1977.49,0.5308,false
32.0720,1977.43,0.7281,false
32.0880,1978.01,0.4984,false
32.1040,1981.34,0.2435,false
32.1200,435.34,0.7889,true
32.1360,440.61,0.8863,true
32.1520,440.22,0.9439,true
32.1680,439.96,0.9778,true
32.1840,437.93,0.9677,true
32.2000,428.71,0.9119,true
32.2160,414.70,0.8631,true
32.2320,407.62,0.8100,true
32.2480,408.75,0.7822,true
32.2640,417.30,0.7876,true
32.2800,421.48,0.8123,true
32.2960,421.77,0.8957,true
32.3120,410.11,0.9260,true
32.3280,400.05,0.9553,true
32.3440,394.93,0.9676,true
32.3600,390.84,0.9773,true
32.3760,386.42,0.9818,true
32.3920,382.08,0.9843,true
32.4080,376.74,0.9447,true
32.4240,368.46,0.7874,true
32.4400,353.38,0.6870,true
32.4560,365.65,0.3641,false
32.4720,380.54,0.4025,false
32.4880,386.12,0.4532,false
32.5040,381.98,0.7033,true
32.5200,358.85,0.8217,true
32.5360,345.34,0.8334,true
32.5520,334.34,0.7149,true
32.5680,320.28,0.4644,false
32.5840,309.21,0.4510,false
32.6000,306.00,0.3601,false
32.6160,304.84,0.3699,false
32.6320,315.62,0.4232,false
32.6480,321.93,0.4591,false
32.6640,323.83,0.4351,false
32.6800,326.86,0.3608,false
32.6960,366.61,0.2967,false
32.7120,348.15,0.5792,false
32.7280,338.72,0.7020,true
32.7440,354.52,0.8191,true
32.7600,375.19,0.8394,true
32.7760,388.52,0.9137,true
32.7920,395.33,0.9530,true
32.8080,397.32,0.9676,true
32.8240,397.56,0.9564,true
32.8400,396.75,0.9706,true
32.8560,394.80,0.9828,true
32.8720,391.61,0.9870,true
32.8880,390.96,0.9899,true
32.9040,390.95,0.9938,true
32.9200,390.64,0.9935,true
32.9360,390.38,0.9912,true
32.9520,390.26,0.9931,true
32.9680,390.26,0.9945,true
32.9840,390.36,0.9917,true
33.0000,390.49,0.9905,true
33.0160,390.50,0.9897,true
33.0320,390.62,0.9875,true
33.0480,391.03,0.9894,true
33.0640,391.64,0.9891,true
33.0800,392.12,0.9582,true
33.0960,391.92,0.8407,true
33.1120,388.04,0.6549,true
33.1280,391.60,0.8122,true
33.1440,391.54,0.9470,true
33.1600,391.21,0.9515,true
33.1760,390.72,0.8224,true
33.1920,383.36,0.4354,false
33.2080,322.09,0.3646,false
33.2240,313.14,0.7647,true
33.2400,311.06,0.9190,true
33.2560,304.64,0.9671,true
33.2720,299.58,0.9848,true
33.2880,294.60,0.9805,true
33.3040,290.46,0.9651,true
33.3200,289.74,0.9379,true
33.3360,291.33,0.8970,true
33.3520,294.56,0.8721,true
33.3680,294.43,0.8212,true
33.3840,299.38,0.7049,true
33.4000,302.82,0.6899,true
33.4160,306.57,0.8231,true
33.4320,308.92,0.9503,true
33.4480,312.31,0.9875,true
33.4640,314.15,0.9979,true
33.4800,314.54,0.9995,true
33.4960,312.16,0.9991,true
33.5120,306.89,0.9978,true
33.5280,301.39,0.9983,true
33.5440,296.88,0.9989,true
33.5600,293.94,0.9985,true
33.5760,293.02,0.9982,true
33.5920,292.12,0.9983,true
33.6080,291.67,0.9994,true
33.6240,292.17,0.9996,true
33.6400,292.75,0.9995,true
33.6560,292.98,0.9993,true
33.6720,293.04,0.9995,true
33.6880,293.06,0.9995,true
33.7040,293.11,0.9995,true
33.7200,293.34,0.9990,true
33.7360,293.83,0.9980,true
33.7520,294.23,0.9979,true
33.7680,294.32,0.9986,true
33.7840,294.23,0.9985,true
33.8000,293.85,0.9958,true
33.8160,292.81,0.9850,true
33.8320,289.74,0.9386,true
33.8480,283.76,0.7908,true
33.8640,285.18,0.7219,true
33.8800,288.44,0.8908,true
33.8960,289.66,0.9735,true
33.9120,295.17,0.9899,true
33.9280,299.02,0.9988,true
33.9440,299.90,0.9998,true
33.9600,299.51,0.9999,true
33.9760,297.83,0.9997,true
33.9920,295.53,0.9993,true
34.0080,293.51,0.9987,true
34.0240,292.80,0.9977,true
34.0400,292.16,0.9932,true
34.0560,287.37,0.9481,true
34.0720,271.00,0.7441,true
34.0880,248.41,0.7758,true
34.1040,271.67,0.2572,false
34.1200,297.04,0.4933,false
34.1360,318.86,0.8182,true
34.1520,321.89,0.9709,true
34.1680,316.04,0.9815,true
34.1840,302.88,0.9803,true
34.2000,297.14,0.9873,true
34.2160,293.68,0.9890,true
34.2320,292.30,0.9832,true
34.2480,294.47,0.9804,true
34.2640,296.03,0.9759,true
34.2800,291.78,0.8684,true
34.2960,261.62,0.7102,true
34.3120,255.55,0.5394,false
34.3280,296.19,0.2883,false
34.3440,331.44,0.3935,false
34.3600,353.49,0.8548,true
34.3760,356.79,0.9886,true
34.3920,355.72,0.9990,true
34.4080,354.78,0.9995,true
34.4240,353.95,0.9985,true
34.4400,350.73,0.9948,true
34.4560,350.03,0.9869,true
34.4720,350.68,0.9810,true
34.4880,346.49,0.9360,true
34.5040,325.62,0.7757,true
34.5200,286.97,0.6506,true
34.5360,272.74,0.6686,true
34.5520,270.23,0.4616,false
34.5680,337.22,0.7689,true
34.5840,341.27,0.9679,true
34.6000,341.56,0.9927,true
34.6160,337.98,0.9982,true
34.6320,336.46,0.9995,true
34.6480,335.81,0.9995,true
34.6640,334.57,0.9993,true
34.6800,332.90,0.9979,true
34.6960,330.12,0.9948,true
34.7120,322.54,0.9798,true
34.7280,305.87,0.9389,true
34.7440,295.85,0.7608,true
34.7600,289.65,0.3715,false
34.7760,191.59,0.3073,false
34.7920,322.44,0.5766,false
34.8080,312.65,0.8124,true
34.8240,304.19,0.9424,true
34.8400,299.20,0.9926,true
34.8560,296.11,0.9961,true
34.8720,290.34,0.9909,true
34.8880,287.21,0.9915,true
34.9040,288.32,0.9885,true
34.9200,293.30,0.9861,true
34.9360,296.19,0.9949,true
34.9520,297.84,0.9986,true
34.9680,296.86,0.9949,true
34.9840,289.88,0.9658,true
35.0000,279.25,0.8562,true
35.0160,276.31,0.6231,true
35.0320,286.40,0.7063,true
35.0480,293.38,0.9214,true
35.0640,289.44,0.9420,true
35.0800,278.74,0.9617,true
35.0960,269.33,0.9796,true
35.1120,262.52,0.9964,true
35.1280,257.96,0.9990,true
35.1440,256.60,0.9995,true
35.1600,257.10,0.9996,true
35.1760,258.79,0.9993,true
35.1920,260.52,0.9990,true
35.2080,261.05,0.9982,true
35.2240,261.19,0.9965,true
35.2400,261.23,0.9944,true
35.2560,261.22,0.9949,true
35.2720,261.16,0.9954,true
35.2880,261.18,0.9961,true
35.3040,261.51,0.9965,true
35.3200,262.36,0.9973,true
35.3360,265.88,0.9959,true
35.3520,269.54,0.9931,true
35.3680,269.90,0.9835,true
35.3840,264.11,0.9588,true
35.4000,254.50,0.9237,true
35.4160,257.50,0.9027,true
35.4320,264.29,0.9728,true
35.4480,263.30,0.9770,true
35.4640,261.37,0.9532,true
35.4800,258.21,0.7817,true
35.4960,255.68,0.3909,false
35.5120,200.42,0.2598,false
35.5280,204.69,0.3600,false
35.5440,198.90,0.6200,true
35.5600,193.26,0.8829,true
35.5760,190.78,0.9582,true
35.5920,190.40,0.9829,true
35.6080,190.22,0.9853,true
35.6240,192.87,0.9606,true
35.6400,196.78,0.9464,true
35.6560,198.73,0.9590,true
35.6720,201.43,0.8889,true
35.6880,203.37,0.7683,true
35.7040,199.08,0.5555,false
35.7200,103.34,0.3718,false
35.7360,104.66,0.4998,false
35.7520,104.73,0.4693,false
35.7680,198.72,0.4815,false
35.7840,198.19,0.5117,false
35.8000,198.23,0.4466,false
35.8160,198.48,0.3081,false
35.8320,1962.60,0.1499,false
35.8480,195.14,0.2910,false
35.8640,194.00,0.2550,false
35.8800,100.43,0.4037,false
35.8960,100.23,0.4784,false
35.9120,100.31,0.4257,false
35.9280,102.49,0.3823,false
35.9440,102.12,0.4166,false
35.9600,276.95,0.2863,false
35.9760,273.62,0.5494,false
35.9920,272.29,0.8257,true
36.0080,270.21,0.8916,true
36.0240,269.20,0.9335,true
36.0400,267.73,0.9657,true
36.0560,264.88,0.9783,true
36.0720,261.26,0.9821,true
36.0880,258.75,0.9790,true
36.1040,256.96,0.9481,true
36.1200,256.59,0.8930,true
36.1360,257.51,0.8725,true
36.1520,258.77,0.8747,true
36.1680,259.06,0.8730,true
36.1840,259.52,0.8626,true
36.2000,260.43,0.8693,true
36.2160,261.04,0.8901,true
36.2320,262.03,0.8681,true
36.2480,260.69,0.8595,true
36.2640,262.74,0.8373,true
36.2800,263.72,0.8290,true
36.2960,263.12,0.8099,true
36.3120,262.00,0.7282,true
36.3280,262.79,0.7765,true
36.3440,262.77,0.8080,true
36.3600,262.46,0.8506,true
36.3760,261.85,0.9079,true
36.3920,260.88,0.9064,true
36.4080,259.62,0.8914,true
36.4240,259.22,0.8545,true
36.4400,258.61,0.7913,true
36.4560,258.37,0.7302,true
36.4720,258.15,0.6362,true
36.4880,259.28,0.5909,false
36.5040,262.19,0.5233,false
36.5200,263.08,0.4444,false
36.5360,265.08,0.4221,false
36.5520,265.07,0.5137,false
36.5680,260.90,0.4366,false
36.5840,260.32,0.3586,false
36.6000,261.11,0.3849,false
36.6160,250.17,0.3191,false
36.6320,245.68,0.2572,false
36.6480,917.64,0.1521,false
36.6640,255.86,0.3711,false
36.6800,258.62,0.4281,false
36.6960,262.45,0.4207,false
36.7120,264.57,0.2769,false
36.7280,1908.68,0.1704,false
36.7440,1969.05,0.1448,false
36.7600,1977.76,0.1320,false
36.7760,1973.47,0.1258,false
36.7920,1951.26,0.1140,false
36.8080,1943.14,0.1163,false
36.8240,1282.86,0.1652,false
36.8400,398.31,0.2570,false
36.8560,405.63,0.3705,false
36.8720,409.61,0.6182,true
36.8880,412.60,0.8691,true
36.9040,412.40,0.9519,true
36.9200,410.07,0.9665,true
36.9360,401.64,0.9719,true
36.9520,397.08,0.9888,true
36.9680,392.62,0.9882,true
36.9840,389.96,0.9907,true
37.0000,385.35,0.9971,true
37.0160,383.11,0.9996,true
37.0320,382.99,0.9996,true
37.0480,383.25,0.9995,true
37.0640,383.66,0.9996,true
37.0800,384.10,0.9997,true
37.0960,385.30,0.9998,true
37.1120,388.20,0.9999,true
37.1280,390.02,0.9999,true
37.1440,390.19,0.9999,true
37.1600,390.20,0.9997,true
37.1760,390.20,0.9996,true
37.1920,390.20,0.9997,true
37.2080,390.20,0.9996,true
37.2240,390.20,0.9997,true
37.2400,390.22,0.9997,true
37.2560,390.30,0.9996,true
37.2720,391.46,0.9991,true
37.2880,395.87,0.9994,true
37.3040,396.72,0.9996,true
37.3200,395.82,0.9996,true
37.3360,393.41,0.9995,true
37.3520,391.27,0.9992,true
37.3680,390.73,0.9984,true
37.3840,390.64,0.9974,true
37.4000,390.55,0.9968,true
37.4160,390.56,0.9940,true
37.4320,390.54,0.9918,true
37.4480,390.51,0.9924,true
37.4640,390.53,0.9973,true
37.4800,391.70,0.9995,true
37.4960,395.85,0.9998,true
37.5120,397.12,0.9998,true
37.5280,397.42,0.9997,true
37.5440,397.62,0.9993,true
37.5600,397.64,0.9992,true
37.5760,397.61,0.9987,true
37.5920,397.73,0.9973,true
37.6080,398.77,0.9898,true
37.6240,400.70,0.9674,true
37.6400,397.07,0.8883,true
37.6560,392.68,0.7269,true
37.6720,391.95,0.6343,true
37.6880,392.38,0.6032,true
37.7040,393.32,0.7914,true
37.7200,393.87,0.9117,true
37.7360,391.97,0.9170,true
37.7520,381.35,0.8938,true
37.7680,360.13,0.8880,true
37.7840,336.01,0.9358,true
37.8000,326.32,0.9775,true
37.8160,323.80,0.9945,true
37.8320,323.08,0.9983,true
37.8480,323.38,0.9995,true
37.8640,324.01,0.9999,true
37.8800,325.32,0.9999,true
37.8960,327.62,0.9999,true
37.9120,328.40,0.9999,true
37.9280,328.61,1.0000,true
37.9440,330.08,1.0000,true
37.9600,331.88,1.0000,true
37.9760,330.52,1.0000,true
37.9920,329.61,0.9999,true
38.0080,329.26,0.9999,true
38.0240,330.11,0.9999,true
38.0400,333.80,1.0000,true
38.0560,334.82,1.0000,true
38.0720,335.03,1.0000,true
38.0880,336.05,0.9999,true
38.1040,336.68,0.9996,true
38.1200,334.53,0.9961,true
38.1360,330.51,0.9843,true
38.1520,326.68,0.9728,true
38.1680,330.52,0.9808,true
38.1840,334.79,0.9971,true
38.2000,334.75,0.9998,true
38.2160,334.61,0.9999,true
38.2320,334.32,0.9997,true
38.2480,333.16,0.9993,true
38.2640,333.22,0.9993,true
38.2800,333.48,0.9989,true
38.2960,332.82,0.9990,true
38.3120,331.63,0.9994,true
38.3280,330.75,0.9998,true
38.3440,329.68,0.9999,true
38.3600,328.86,0.9999,true
38.3760,328.62,0.9998,true
38.3920,328.59,0.9999,true
38.4080,328.59,0.9999,true
38.4240,328.59,1.0000,true
38.4400,328.61,1.0000,true
38.4560,328.67,0.9999,true
38.4720,329.28,0.9999,true
38.4880,330.46,0.9999,true
38.5040,330.65,0.9999,true
38.5200,331.20,0.9999,true
38.5360,331.75,0.9998,true
38.5520,331.44,0.9982,true
38.5680,329.52,0.9744,true
38.5840,327.37,0.8317,true
38.6000,329.67,0.6987,true
38.6160,332.08,0.8391,true
38.6320,329.87,0.8082,true
38.6480,327.83,0.7535,true
38.6640,325.30,0.5519,false
38.6800,437.55,0.1793,false
38.6960,417.82,0.3374,false
38.7120,406.31,0.6047,true
38.7280,398.26,0.8155,true
38.7440,396.12,0.9592,true
38.7600,395.99,0.9874,true
38.7760,395.22,0.9949,true
38.7920,393.73,0.9967,true
38.8080,391.58,0.9974,true
38.8240,390.47,0.9940,true
38.8400,390.25,0.9904,true
38.8560,390.20,0.9960,true
38.8720,390.20,0.9983,true
38.8880,390.20,0.9972,true
38.9040,390.21,0.9955,true
38.9200,390.21,0.9965,true
38.9360,390.23,0.9978,true
38.9520,390.34,0.9969,true
38.9680,390.98,0.9917,true
38.9840,394.12,0.9917,true
39.0000,396.89,0.9961,true
39.0160,397.17,0.9964,true
39.0320,396.30,0.9924,true
39.0480,392.47,0.9544,true
39.0640,390.97,0.7055,true
39.0800,390.21,0.4307,false
39.0960,390.25,0.3971,false
39.1120,790.64,0.5449,false
39.1280,390.31,0.5015,false
39.1440,389.40,0.7281,true
39.1600,358.08,0.6462,true
39.1760,330.04,0.9858,true
39.1920,325.11,0.9968,true
39.2080,322.70,0.9983,true
39.2240,322.03,0.9971,true
39.2400,320.30,0.9896,true
39.2560,321.88,0.9853,true
39.2720,327.03,0.9951,true
39.2880,332.18,0.9991,true
39.3040,334.15,0.9999,true
39.3200,334.52,1.0000,true
39.3360,334.36,1.0000,true
39.3520,332.98,1.0000,true
39.3680,329.90,0.9997,true
39.3840,328.57,0.9997,true
39.4000,328.63,0.9999,true
39.4160,328.91,1.0000,true
39.4320,329.19,1.0000,true
39.4480,329.84,0.9999,true
39.4640,331.09,0.9998,true
39.4800,333.41,0.9999,true
39.4960,334.36,0.9999,true
39.5120,333.79,0.9999,true
39.5280,331.52,0.9995,true
39.5440,328.10,0.9884,true
39.5600,313.80,0.6784,true
39.5760,255.26,0.7341,true
39.5920,249.87,0.9083,true
39.6080,252.10,0.9272,true
39.6240,256.67,0.9714,true
39.6400,256.49,0.9951,true
39.6560,256.30,0.9978,true
39.6720,256.21,0.9969,true
39.6880,257.26,0.9943,true
39.7040,260.71,0.9969,true
39.7200,261.62,0.9987,true
39.7360,262.40,0.9989,true
39.7520,263.17,0.9987,true
39.7680,264.32,0.9988,true
39.7840,265.31,0.9993,true
39.8000,265.97,0.9996,true
39.8160,265.99,0.9994,true
39.8320,264.80,0.9984,true
39.8480,262.11,0.9960,true
39.8640,261.16,0.9939,true
39.8800,261.72,0.9941,true
39.8960,261.99,0.9969,true
39.9120,262.04,0.9977,true
39.9280,262.01,0.9971,true
39.9440,262.04,0.9958,true
39.9600,262.48,0.9942,true
39.9760,262.26,0.9904,true
39.9920,262.22,0.9872,true
40.0080,262.17,0.9785,true
40.0240,261.21,0.9367,true
40.0400,261.25,0.8457,true
40.0560,263.21,0.7772,true
40.0720,260.81,0.7155,true
40.0880,257.37,0.7076,true
40.1040,257.29,0.7037,true
40.1200,255.41,0.6130,true
40.1360,253.04,0.6328,true
40.1520,252.14,0.6919,true
40.1680,252.44,0.6695,true
40.1840,257.30,0.7679,true
40.2000,262.57,0.8391,true
40.2160,263.17,0.8242,true
40.2320,262.50,0.7852,true
40.2480,262.23,0.6012,true
40.2640,270.99,0.3019,false
40.2800,602.90,0.1455,false
40.2960,609.24,0.1715,false
40.3120,90.80,0.3880,false
40.3280,96.28,0.4564,false
40.3440,97.98,0.4760,false
40.3600,97.22,0.3980,false
40.3760,1361.43,0.1878,false
40.3920,417.30,0.2988,false
40.4080,407.18,0.4634,false
40.4240,390.69,0.5595,false
40.4400,372.07,0.5459,false
40.4560,352.63,0.4903,false
40.4720,311.21,0.3203,false
40.4880,298.65,0.4746,false
40.5040,295.19,0.6547,true
40.5200,293.69,0.7249,true
40.5360,294.62,0.9089,true
40.5520,294.03,0.9837,true
40.5680,293.30,0.9928,true
40.5840,292.87,0.9829,true
40.6000,291.28,0.9490,true
40.6160,289.61,0.9107,true
40.6320,289.72,0.9456,true
40.6480,291.10,0.9770,true
40.6640,290.97,0.9910,true
40.6800,289.92,0.9965,true
40.6960,289.45,0.9992,true
40.7120,290.14,0.9996,true
40.7280,290.42,0.9992,true
40.7440,290.50,0.9993,true
40.7600,289.31,0.9991,true
40.7760,288.68,0.9985,true
40.7920,291.23,0.9989,true
40.8080,292.44,0.9993,true
40.8240,292.94,0.9995,true
40.8400,293.02,0.9995,true
40.8560,293.03,0.9994,true
40.8720,293.02,0.9992,true
40.8880,293.02,0.9983,true
40.9040,293.01,0.9961,true
40.9200,293.01,0.9956,true
40.9360,293.01,0.9978,true
40.9520,293.02,0.9996,true
40.9680,293.04,0.9999,true
40.9840,293.12,0.9999,true
41.0000,293.38,0.9999,true
41.0160,293.42,0.9999,true
41.0320,293.15,0.9999,true
41.0480,293.05,0.9999,true
41.0640,293.03,0.9998,true
41.0800,293.03,0.9995,true
41.0960,293.03,0.9989,true
41.1120,293.03,0.9991,true
41.1280,293.03,0.9997,true
41.1440,293.03,0.9999,true
41.1600,293.03,0.9999,true
41.1760,293.03,0.9999,true
41.1920,293.03,0.9998,true
41.2080,293.03,0.9996,true
41.2240,293.03,0.9992,true
41.2400,293.03,0.9995,true
41.2560,293.03,0.9997,true
41.2720,293.06,0.9996,true
41.2880,293.09,0.9990,true
41.3040,293.11,0.9963,true
41.3200,293.28,0.9896,true
41.3360,293.90,0.9845,true
41.3520,294.55,0.9642,true
41.3680,298.00,0.8679,true
41.3840,349.15,0.7311,true
41.4000,354.66,0.9802,true
41.4160,352.76,0.9931,true
41.4320,343.51,0.9982,true
41.4480,339.48,0.9995,true
41.4640,335.43,0.9998,true
41.4800,331.26,0.9998,true
41.4960,328.26,0.9999,true
41.5120,328.04,0.9999,true
41.5280,328.20,0.9999,true
41.5440,328.35,0.9999,true
41.5600,328.43,1.0000,true
41.5760,328.44,1.0000,true
41.5920,328.37,1.0000,true
41.6080,328.30,1.0000,true
41.6240,328.52,1.0000,true
41.6400,329.08,0.9999,true
41.6560,331.43,0.9999,true
41.6720,334.20,0.9999,true
41.6880,334.23,0.9998,true
41.7040,331.80,0.9976,true
41.7200,319.09,0.9768,true
41.7360,301.68,0.9105,true
41.7520,290.52,0.8770,true
41.7680,310.38,0.4248,false
41.7840,320.65,0.4034,false
41.8000,318.41,0.4796,false
41.8160,311.78,0.6798,true
41.8320,298.79,0.9152,true
41.8480,302.56,0.9787,true
41.8640,306.20,0.9941,true
41.8800,306.65,0.9954,true
41.8960,303.70,0.9951,true
41.9120,300.06,0.9977,true
41.9280,297.96,0.9992,true
41.9440,296.13,0.9995,true
41.9600,295.14,0.9994,true
41.9760,294.02,0.9990,true
41.9920,293.24,0.9988,true
42.0080,293.12,0.9983,true
42.0240,293.12,0.9988,true
42.0400,293.11,0.9997,true
42.0560,293.08,0.9999,true
42.0720,293.06,0.9999,true
42.0880,293.04,0.9999,true
42.1040,293.03,0.9998,true
42.1200,293.03,0.9994,true
42.1360,293.04,0.9991,true
42.1520,293.15,0.9992,true
42.1680,293.86,0.9997,true
42.1840,295.11,0.9998,true
42.2000,295.09,0.9995,true
42.2160,293.59,0.9962,true
42.2320,290.50,0.9699,true
42.2480,280.19,0.8422,true
42.2640,274.47,0.7060,true
42.2800,270.30,0.6671,true
42.2960,255.43,0.8470,true
42.3120,257.67,0.8574,true
42.3280,264.96,0.9074,true
42.3440,263.89,0.9887,true
42.3600,261.95,0.9980,true
42.3760,260.90,0.9994,true
42.3920,260.30,0.9998,true
42.4080,260.38,0.9999,true
42.4240,260.75,0.9999,true
42.4400,260.92,0.9999,true
42.4560,260.88,1.0000,true
42.4720,260.00,1.0000,true
42.4880,257.91,1.0000,true
42.5040,256.91,1.0000,true
42.5200,256.76,1.0000,true
42.5360,257.13,1.0000,true
42.5520,258.17,1.0000,true
42.5680,260.59,1.0000,true
42.5840,261.30,1.0000,true
42.6000,261.62,0.9998,true
42.6160,263.05,0.9993,true
42.6320,265.16,0.9989,true
42.6480,266.76,0.9990,true
42.6640,269.84,0.9988,true
42.6800,271.40,0.9981,true
42.6960,271.66,0.9914,true
42.7120,271.39,0.9831,true
42.7280,272.90,0.9786,true
42.7440,276.63,0.9741,true
42.7600,284.12,0.9394,true
42.7760,329.29,0.8291,true
42.7920,345.01,0.9839,true
42.8080,345.60,0.9946,true
42.8240,343.39,0.9973,true
42.8400,339.52,0.9988,true
42.8560,333.04,0.9993,true
42.8720,325.56,0.9996,true
42.8880,322.42,0.9998,true
42.9040,321.39,0.9999,true
42.9200,320.92,0.9999,true
42.9360,321.34,0.9999,true
42.9520,322.27,0.9999,true
42.9680,322.91,0.9999,true
42.9840,324.47,0.9999,true
43.0000,324.96,0.9999,true
43.0160,325.86,0.9998,true
43.0320,330.73,0.9997,true
43.0480,336.39,0.9993,true
43.0640,339.32,0.9974,true
43.0800,337.02,0.9913,true
43.0960,330.42,0.9744,true
43.1120,323.49,0.9449,true
43.1280,320.86,0.9159,true
43.1440,321.32,0.8927,true
43.1600,322.47,0.8676,true
43.1760,323.64,0.7228,true
43.1920,325.36,0.4748,false
43.2080,410.48,0.2575,false
43.2240,419.08,0.6070,true
43.2400,412.99,0.8590,true
43.2560,407.21,0.9451,true
43.2720,399.91,0.9801,true
43.2880,396.26,0.9920,true
43.3040,392.74,0.9941,true
43.3200,390.51,0.9961,true
43.3360,390.24,0.9961,true
43.3520,390.19,0.9967,true
43.3680,390.06,0.9967,true
43.3840,390.03,0.9971,true
43.4000,390.12,0.9960,true
43.4160,390.21,0.9928,true
43.4320,390.27,0.9922,true
43.4480,390.44,0.9892,true
43.4640,390.85,0.9870,true
43.4800,391.04,0.9944,true
43.4960,391.49,0.9970,true
43.5120,392.36,0.9860,true
43.5280,392.98,0.9542,true
43.5440,392.01,0.8175,true
43.5600,391.13,0.6930,true
43.5760,391.02,0.6655,true
43.5920,391.27,0.8535,true
43.6080,391.28,0.9028,true
43.6240,390.76,0.8566,true
43.6400,390.35,0.7882,true
43.6560,390.22,0.7521,true
43.6720,390.08,0.7728,true
43.6880,389.48,0.8107,true
43.7040,388.79,0.7188,true
43.7200,389.72,0.6139,true
43.7360,392.10,0.8031,true
43.7520,392.74,0.9222,true
43.7680,393.08,0.9414,true
43.7840,393.61,0.9194,true
43.8000,394.31,0.8787,true
43.8160,393.83,0.8910,true
43.8320,392.39,0.9180,true
43.8480,389.46,0.9174,true
43.8640,384.56,0.8992,true
43.8800,381.82,0.7728,true
43.8960,374.04,0.6859,true
43.9120,358.45,0.6964,true
43.9280,344.07,0.6969,true
43.9440,331.77,0.6629,true
43.9600,317.93,0.4656,false
43.9760,615.04,0.4107,false
43.9920,608.41,0.6330,true
44.0080,588.40,0.6213,true
44.0240,576.82,0.8173,true
44.0400,563.61,0.8615,true
44.0560,552.43,0.9272,true
44.0720,549.78,0.9614,true
44.0880,545.00,0.9165,true
44.1040,526.36,0.6628,true
44.1200,519.49,0.3622,false
44.1360,519.37,0.3174,false
44.1520,537.34,0.3811,false
44.1680,547.37,0.2931,false
44.1840,258.12,0.8956,true
44.2000,257.92,0.9516,true
44.2160,257.24,0.9008,true
44.2320,256.97,0.8718,true
44.2480,257.51,0.8538,true
44.2640,259.19,0.8562,true
44.2800,260.80,0.8678,true
44.2960,261.10,0.8991,true
44.3120,261.04,0.8913,true
44.3280,260.35,0.8146,true
44.3440,260.37,0.7936,true
44.3600,260.93,0.9029,true
44.3760,261.08,0.9657,true
44.3920,261.16,0.9802,true
44.4080,261.22,0.9885,true
44.4240,261.26,0.9930,true
44.4400,261.27,0.9932,true
44.4560,261.28,0.9953,true
44.4720,261.28,0.9939,true
44.4880,261.30,0.9724,true
44.5040,261.35,0.8319,true
44.5200,1053.06,0.4566,false
44.5360,1053.11,0.5512,false
44.5520,1053.16,0.5142,false
44.5680,1053.21,0.3000,false
44.5840,258.32,0.4981,false
44.6000,1053.41,0.2824,false
44.6160,1054.27,0.3194,false
44.6320,1055.26,0.2581,false
44.6480,542.33,0.4975,false
44.6640,541.92,0.4755,false
44.6800,1054.68,0.4166,false
44.6960,1053.80,0.5000,false
44.7120,1054.72,0.3858,false
44.7280,521.40,0.4550,false
44.7440,520.24,0.4077,false
44.7600,518.41,0.3078,false
44.7760,374.00,0.5430,false
44.7920,376.33,0.8259,true
44.8080,383.74,0.9362,true
44.8240,388.64,0.9698,true
44.8400,392.69,0.9835,true
44.8560,396.31,0.9888,true
44.8720,396.04,0.9670,true
44.8880,392.19,0.8935,true
44.9040,388.58,0.6686,true
44.9200,383.62,0.5687,false
44.9360,388.84,0.5839,false
44.9520,394.86,0.8073,true
44.9680,393.92,0.8138,true
44.9840,392.20,0.6832,true
45.0000,390.04,0.3325,false
45.0160,528.20,0.2829,false
45.0320,533.52,0.6095,true
45.0480,540.32,0.6410,true
45.0640,263.52,0.6578,true
45.0800,262.33,0.8748,true
45.0960,261.93,0.9079,true
45.1120,261.85,0.8932,true
45.1280,261.34,0.8270,true
45.1440,260.55,0.5807,false
45.1600,519.23,0.6424,true
45.1760,519.32,0.7231,true
45.1920,519.47,0.6443,true
45.2080,519.53,0.7194,true
45.2240,519.55,0.9041,true
45.2400,519.55,0.9373,true
45.2560,519.55,0.8653,true
45.2720,519.53,0.4184,false
45.2880,259.02,0.7280,true
45.3040,519.46,0.4125,false
45.3200,519.42,0.4190,false
45.3360,519.07,0.5290,false
45.3520,517.88,0.4676,false
45.3680,257.60,0.6310,true
45.3840,257.68,0.7334,true
45.4000,259.00,0.8000,true
45.4160,259.52,0.7793,true
45.4320,519.18,0.4757,false
45.4480,519.36,0.8171,true
45.4640,519.32,0.9019,true
45.4800,519.33,0.9251,true
45.4960,519.68,0.9471,true
45.5120,520.14,0.9451,true
45.5280,520.81,0.8655,true
45.5440,520.76,0.7860,true
45.5600,520.43,0.8294,true
45.5760,519.63,0.8420,true
45.5920,519.01,0.9440,true
45.6080,518.82,0.9431,true
45.6240,518.78,0.9263,true
45.6400,518.27,0.8650,true
45.6560,518.79,0.7234,true
45.6720,519.27,0.7068,true
45.6880,519.34,0.7752,true
45.7040,519.31,0.6313,true
45.7200,348.35,0.6024,true
45.7360,348.56,0.8783,true
45.7520,349.33,0.8417,true
45.7680,362.73,0.5988,false
45.7840,382.66,0.6854,true
45.8000,388.25,0.8377,true
45.8160,390.09,0.8930,true
45.8320,390.72,0.7695,true
45.8480,199.61,0.7223,true
45.8640,199.71,0.9161,true
45.8800,199.38,0.9184,true
45.8960,196.66,0.7213,true
45.9120,194.79,0.5791,false
45.9280,200.10,0.6029,true
45.9440,206.76,0.5402,false
45.9600,491.30,0.1394,false
45.9760,251.98,0.7703,true
45.9920,254.81,0.8903,true
46.0080,257.33,0.9173,true
46.0240,259.33,0.9320,true
46.0400,258.55,0.8461,true
46.0560,518.51,0.3114,false
46.0720,519.09,0.5315,false
46.0880,519.42,0.6629,true
46.1040,519.56,0.6604,true
46.1200,519.63,0.4987,false
46.1360,257.58,0.7374,true
46.1520,259.12,0.9053,true
46.1680,259.49,0.9662,true
46.1840,258.96,0.9720,true
46.2000,259.05,0.9595,true
46.2160,259.93,0.9381,true
46.2320,260.74,0.9425,true
46.2480,260.79,0.9479,true
46.2640,260.59,0.9676,true
46.2800,260.51,0.9738,true
46.2960,259.84,0.9658,true
46.3120,257.41,0.9605,true
46.3280,253.12,0.9437,true
46.3440,245.60,0.8614,true
46.3600,238.39,0.7033,true
46.3760,231.71,0.3795,false
46.3920,117.47,0.2319,false
46.4080,381.47,0.3448,false
46.4240,388.88,0.8082,true
46.4400,390.17,0.9608,true
46.4560,390.43,0.9844,true
46.4720,390.55,0.9931,true
46.4880,390.29,0.9958,true
46.5040,390.21,0.9930,true
46.5200,390.20,0.9869,true
46.5360,390.21,0.9862,true
46.5520,390.22,0.9860,true
46.5680,390.21,0.9877,true
46.5840,390.20,0.9932,true
46.6000,390.20,0.9946,true
46.6160,390.20,0.9850,true
46.6320,390.20,0.9343,true
46.6480,390.20,0.7785,true
46.6640,390.22,0.5231,false
46.6800,196.38,0.5712,false
46.6960,196.42,0.6680,true
46.7120,196.49,0.7314,true
46.7280,196.64,0.7472,true
46.7440,197.18,0.6529,true
46.7600,196.18,0.5990,false
46.7760,392.13,0.3591,false
46.7920,185.37,0.7051,true
46.8080,178.00,0.7958,true
46.8240,162.91,0.8400,true
46.8400,158.27,0.9417,true
46.8560,157.64,0.9775,true
46.8720,159.07,0.9762,true
46.8880,161.10,0.9526,true
46.9040,162.58,0.9073,true
46.9200,163.87,0.8391,true
46.9360,163.65,0.8159,true
46.9520,163.72,0.8200,true
46.9680,163.88,0.8858,true
46.9840,164.22,0.9655,true
47.0000,164.46,0.9894,true
47.0160,164.07,0.9931,true
47.0320,163.23,0.9946,true
47.0480,163.42,0.9929,true
47.0640,164.32,0.9844,true
47.0800,164.70,0.9606,true
47.0960,164.58,0.9623,true
47.1120,163.31,0.9798,true
47.1280,162.45,0.9933,true
47.1440,162.87,0.9926,true
47.1600,164.01,0.9776,true
47.1760,164.93,0.9447,true
47.1920,165.47,0.9042,true
47.2080,166.37,0.7819,true
47.2240,167.31,0.7398,true
47.2400,167.65,0.7308,true
47.2560,167.38,0.7106,true
47.2720,167.51,0.6800,true
47.2880,167.96,0.6664,true
47.3040,168.36,0.7375,true
47.3200,168.29,0.6003,true
47.3360,332.08,0.5600,false
47.3520,333.26,0.6915,true
47.3680,333.64,0.8112,true
47.3840,333.99,0.8919,true
47.4000,334.14,0.8965,true
47.4160,334.15,0.9159,true
47.4320,331.95,0.9187,true
47.4480,330.07,0.9396,true
47.4640,330.11,0.9452,true
47.4800,329.97,0.9719,true
47.4960,331.88,0.9841,true
47.5120,333.51,0.9913,true
47.5280,333.65,0.9915,true
47.5440,333.57,0.9865,true
47.5600,332.90,0.9810,true
47.5760,329.85,0.9612,true
47.5920,328.11,0.9173,true
47.6080,328.48,0.9104,true
47.6240,331.66,0.8975,true
47.6400,334.53,0.8720,true
47.6560,334.66,0.7645,true
47.6720,333.80,0.5920,false
47.6880,334.27,0.6474,true
47.7040,334.16,0.6249,true
47.7200,333.18,0.4990,false
47.7360,166.66,0.2824,false
47.7520,168.67,0.2955,false
47.7680,396.57,0.2535,false
47.7840,403.27,0.4139,false
47.8000,402.69,0.5838,false
47.8160,199.92,0.5233,false
47.8320,199.09,0.7926,true
47.8480,198.49,0.8026,true
47.8640,198.59,0.8522,true
47.8800,198.03,0.8829,true
47.8960,197.21,0.8377,true
47.9120,390.30,0.5896,false
47.9280,390.21,0.8993,true
47.9440,390.19,0.9413,true
47.9600,390.18,0.9441,true
47.9760,390.19,0.9627,true
47.9920,390.20,0.9818,true
48.0080,390.20,0.9885,true
48.0240,390.20,0.9927,true
48.0400,390.26,0.9971,true
48.0560,391.98,0.9984,true
48.0720,396.75,0.9993,true
48.0880,397.32,0.9995,true
48.1040,397.43,0.9998,true
48.1200,397.45,0.9997,true
48.1360,397.22,0.9997,true
48.1520,396.41,0.9996,true
48.1680,395.29,0.9996,true
48.1840,393.55,0.9994,true
48.2000,391.27,0.9992,true
48.2160,390.53,0.9989,true
48.2320,390.89,0.9977,true
48.2480,392.39,0.9978,true
48.2640,392.85,0.9980,true
48.2800,392.97,0.9973,true
48.2960,393.18,0.9972,true
48.3120,393.56,0.9966,true
48.3280,394.21,0.9956,true
48.3440,394.51,0.9949,true
48.3600,394.54,0.9955,true
48.3760,393.06,0.9957,true
48.3920,391.71,0.9965,true
48.4080,390.90,0.9964,true
48.4240,390.64,0.9954,true
48.4400,390.56,0.9971,true
48.4560,390.54,0.9974,true
48.4720,390.92,0.9961,true
48.4880,392.10,0.9965,true
48.5040,394.16,0.9981,true
48.5200,396.90,0.9988,true
48.5360,397.49,0.9985,true
48.5520,397.66,0.9973,true
48.5680,397.71,0.9968,true
48.5840,397.66,0.9940,true
48.6000,397.52,0.9916,true
48.6160,397.19,0.9724,true
48.6320,395.62,0.8434,true
48.6480,392.21,0.6073,true
48.6640,391.12,0.2357,false
48.6800,259.38,0.4836,false
48.6960,292.60,0.7880,true
48.7120,297.41,0.9742,true
48.7280,297.51,0.9943,true
48.7440,295.27,0.9962,true
48.7600,290.05,0.9928,true
48.7760,287.89,0.9928,true
48.7920,287.88,0.9955,true
48.8080,289.69,0.9863,true
48.8240,292.00,0.9646,true
48.8400,292.86,0.9809,true
48.8560,292.99,0.9956,true
48.8720,293.00,0.9989,true
48.8880,293.02,0.9991,true
48.9040,293.08,0.9987,true
48.9200,293.21,0.9987,true
48.9360,293.87,0.9991,true
48.9520,295.07,0.9993,true
48.9680,295.73,0.9989,true
48.9840,296.53,0.9988,true
49.0000,297.27,0.9988,true
49.0160,297.12,0.9970,true
49.0320,295.86,0.9872,true
49.0480,292.50,0.9415,true
49.0640,288.95,0.8173,true
49.0800,288.23,0.6160,true
49.0960,291.88,0.6977,true
49.1120,293.22,0.7516,true
49.1280,292.80,0.7826,true
49.1440,291.26,0.4839,false
49.1600,388.18,0.4430,false
49.1760,379.99,0.8421,true
49.1920,373.69,0.9327,true
49.2080,369.53,0.9590,true
49.2240,365.61,0.9726,true
49.2400,358.93,0.9729,true
49.2560,352.62,0.9700,true
49.2720,348.64,0.9860,true
49.2880,348.03,0.9955,true
49.3040,347.98,0.9972,true
49.3200,347.97,0.9974,true
49.3360,347.97,0.9965,true
49.3520,347.97,0.9932,true
49.3680,347.97,0.9931,true
49.3840,347.98,0.9970,true
49.4000,348.28,0.9972,true
49.4160,349.84,0.9960,true
49.4320,349.26,0.9961,true
49.4480,348.30,0.9985,true
49.4640,348.06,0.9988,true
49.4800,348.08,0.9976,true
49.4960,348.63,0.9962,true
49.5120,351.10,0.9888,true
49.5280,349.81,0.9143,true
49.5440,346.66,0.6484,true
49.5600,342.64,0.2790,false
49.5760,344.31,0.4209,false
49.5920,347.32,0.8752,true
49.6080,344.57,0.8702,true
49.6240,329.19,0.9160,true
49.6400,325.05,0.9752,true
49.6560,325.34,0.9811,true
49.6720,327.24,0.9746,true
49.6880,327.77,0.9586,true
49.7040,328.16,0.9582,true
49.7200,328.46,0.9636,true
49.7360,328.34,0.9366,true
49.7520,328.35,0.9597,true
49.7680,328.45,0.9892,true
49.7840,328.78,0.9934,true
49.8000,330.46,0.9959,true
49.8160,332.54,0.9980,true
49.8320,333.08,0.9986,true
49.8480,333.77,0.9979,true
49.8640,336.98,0.9932,true
49.8800,339.71,0.9610,true
49.8960,335.32,0.9037,true
49.9120,333.18,0.8710,true
49.9280,336.64,0.9158,true
49.9440,340.27,0.9847,true
49.9600,342.17,0.9927,true
49.9760,341.45,0.9865,true
49.9920,331.93,0.9746,true
50.0080,330.59,0.9787,true
50.0240,330.26,0.9823,true
50.0400,330.29,0.9850,true
50.0560,331.33,0.9768,true
50.0720,332.22,0.9561,true
50.0880,323.73,0.9121,true
50.1040,299.34,0.9439,true
50.1200,294.21,0.9901,true
50.1360,293.16,0.9950,true
50.1520,292.84,0.9959,true
50.1680,292.95,0.9964,true
50.1840,293.04,0.9963,true
50.2000,293.05,0.9982,true
50.2160,293.04,0.9996,true
50.2320,293.03,0.9997,true
50.2480,293.03,0.9997,true
50.2640,293.03,0.9998,true
50.2800,293.03,0.9999,true
50.2960,293.03,0.9999,true
50.3120,293.03,0.9998,true
50.3280,293.04,0.9996,true
50.3440,293.10,0.9991,true
50.3600,293.22,0.9985,true
50.3760,293.56,0.9975,true
50.3920,293.77,0.9930,true
50.4080,293.53,0.9931,true
50.4240,293.13,0.9919,true
50.4400,291.97,0.9765,true
50.4560,287.39,0.9261,true
50.4720,275.06,0.7294,true
50.4880,246.06,0.8173,true
50.5040,249.63,0.9034,true
50.5200,261.36,0.9351,true
50.5360,263.08,0.9909,true
50.5520,262.64,0.9972,true
50.5680,261.69,0.9987,true
50.5840,261.64,0.9992,true
50.6000,261.59,0.9996,true
50.6160,261.46,0.9996,true
50.6320,261.38,0.9998,true
50.6480,261.36,0.9999,true
50.6640,261.36,1.0000,true
50.6800,261.35,1.0000,true
50.6960,261.32,1.0000,true
50.7120,261.32,1.0000,true
50.7280,261.32,1.0000,true
50.7440,261.31,1.0000,true
50.7600,261.31,0.9999,true
50.7760,261.32,0.9999,true
50.7920,261.38,0.9998,true
50.8080,261.72,0.9989,true
50.8240,262.40,0.9915,true
50.8400,262.50,0.9669,true
50.8560,262.29,0.9530,true
50.8720,262.12,0.9824,true
50.8880,262.32,0.9853,true
50.9040,262.27,0.9869,true
50.9200,262.22,0.9858,true
50.9360,262.25,0.9839,true
50.9520,262.50,0.9902,true
50.9680,262.29,0.9933,true
50.9840,262.11,0.9862,true
51.0000,262.97,0.9283,true
51.0160,264.42,0.6903,true
51.0320,262.70,0.6961,true
51.0480,261.49,0.8960,true
51.0640,261.29,0.9189,true
51.0800,261.40,0.9669,true
51.0960,261.44,0.9851,true
51.1120,261.53,0.9782,true
51.1280,262.10,0.9452,true
51.1440,262.38,0.9229,true
51.1600,261.94,0.9517,true
51.1760,261.90,0.9692,true
51.1920,262.82,0.9616,true
51.2080,262.43,0.9337,true
51.2240,262.37,0.8564,true
51.2400,263.19,0.7056,true
51.2560,264.41,0.6094,true
51.2720,264.63,0.6395,true
51.2880,263.74,0.7058,true
51.3040,263.31,0.7194,true
51.3200,263.88,0.7157,true
51.3360,264.85,0.7022,true
51.3520,264.55,0.7664,true
51.3680,264.89,0.7795,true
51.3840,264.39,0.8573,true
51.4000,263.13,0.8689,true
51.4160,263.46,0.8082,true
51.4320,264.78,0.7748,true
51.4480,264.70,0.7957,true
51.4640,266.46,0.7486,true
51.4800,267.27,0.7143,true
51.4960,265.05,0.8410,true
51.5120,264.09,0.8957,true
51.5280,265.25,0.8768,true
51.5440,269.28,0.8916,true
51.5600,274.09,0.8910,true
51.5760,279.73,0.8905,true
51.5920,281.08,0.8992,true
51.6080,282.30,0.8873,true
51.6240,284.76,0.8904,true
51.6400,283.67,0.8836,true
51.6560,280.90,0.8443,true
51.6720,281.16,0.7619,true
51.6880,285.25,0.7136,true
51.7040,287.76,0.8036,true
51.7200,287.56,0.8633,true
51.7360,286.44,0.9124,true
51.7520,284.56,0.9265,true
51.7680,283.00,0.9272,true
51.7840,281.83,0.9338,true
51.8000,281.45,0.9159,true
51.8160,282.34,0.9140,true
51.8320,282.36,0.9348,true
51.8480,281.50,0.9098,true
51.8640,281.15,0.8296,true
51.8800,282.47,0.6647,true
51.8960,102.75,0.2962,false
51.9120,792.96,0.2594,false
51.9280,794.51,0.1887,false
51.9440,1867.84,0.2022,false
51.9600,1819.73,0.3238,false
51.9760,1813.19,0.3270,false
51.9920,1822.79,0.2645,false
52.0080,106.23,0.2603,false
52.0240,106.08,0.3532,false
52.0400,105.31,0.3946,false
52.0560,103.63,0.4637,false
52.0720,103.00,0.5074,false
52.0880,103.53,0.4174,false
52.1040,104.21,0.3492,false
52.1200,104.09,0.3806,false
52.1360,104.34,0.3849,false
52.1520,103.85,0.3613,false
52.1680,103.78,0.3401,false
52.1840,104.43,0.3441,false
52.2000,104.50,0.4248,false
52.2160,103.57,0.4721,false
52.2320,102.76,0.4193,false
52.2480,1799.56,0.3148,false
52.2640,896.40,0.2092,false
52.2800,899.70,0.2795,false
52.2960,896.23,0.3641,false
52.3120,892.00,0.4361,false
52.3280,889.00,0.4171,false
52.3440,888.20,0.3979,false
52.3600,891.71,0.3520,false
52.3760,901.82,0.3663,false
52.3920,920.41,0.3871,false
52.4080,943.52,0.3655,false
52.4240,943.16,0.3240,false
52.4400,939.29,0.2823,false
52.4560,513.13,0.2745,false
52.4720,512.86,0.2901,false
52.4880,513.14,0.3079,false
52.5040,511.23,0.3311,false
52.5200,507.94,0.2961,false
52.5360,503.43,0.2126,false
52.5520,1763.22,0.1684,false
52.5680,102.54,0.3085,false
52.5840,293.35,0.2403,false
52.6000,292.38,0.3050,false
52.6160,289.73,0.3316,false
52.6320,286.51,0.3924,false
52.6480,285.60,0.4326,false
52.6640,102.12,0.2666,false
52.6800,102.52,0.3778,false
52.6960,102.39,0.4295,false
52.7120,102.19,0.5034,false
52.7280,102.77,0.3920,false
52.7440,1243.71,0.2684,false
52.7600,1249.84,0.3471,false
52.7760,1255.93,0.4645,false
52.7920,1274.27,0.5013,false
52.8080,1301.00,0.5604,false
52.8240,1296.35,0.5809,false
52.8400,1291.65,0.5473,false
52.8560,1291.88,0.5186,false
52.8720,1276.20,0.4357,false
52.8880,1255.87,0.3440,false
52.9040,1226.54,0.2739,false
52.9200,1916.41,0.2523,false
52.9360,1921.14,0.2206,false
52.9520,1925.35,0.1839,false
52.9680,101.70,0.2032,false
52.9840,100.96,0.2641,false
53.0000,100.83,0.2897,false
53.0160,434.47,0.2544,false
53.0320,433.09,0.2234,false
53.0480,431.33,0.1654,false
53.0640,101.96,0.1638,false
53.0800,427.66,0.1396,false
53.0960,426.47,0.1260,false
53.1120,427.31,0.1147,false
53.1280,1237.42,0.1335,false
53.1440,197.49,0.5078,false
53.1600,207.87,0.5832,false
53.1760,212.85,0.6943,true
53.1920,216.21,0.7257,true
53.2080,219.02,0.7287,true
53.2240,222.01,0.6923,true
53.2400,226.71,0.6588,true
53.2560,227.82,0.5471,false
53.2720,227.44,0.3597,false
53.2880,177.05,0.4485,false
53.3040,180.72,0.5294,false
53.3200,183.56,0.4708,false
53.3360,178.97,0.4861,false
53.3520,177.26,0.5372,false
53.3680,179.48,0.4313,false
53.3840,96.31,0.2203,false
53.4000,183.53,0.3119,false
53.4160,343.32,0.1849,false
53.4320,159.39,0.2714,false
53.4480,152.17,0.2460,false
53.4640,154.09,0.2654,false
53.4800,156.04,0.2609,false
53.4960,92.99,0.1769,false
53.5120,316.54,0.4401,false
53.5280,305.98,0.4815,false
53.5440,298.90,0.4522,false
53.5600,301.00,0.3889,false
53.5760,305.39,0.4485,false
53.5920,155.10,0.3749,false
53.6080,310.98,0.4238,false
53.6240,310.39,0.3457,false
53.6400,162.46,0.3212,false
53.6560,314.02,0.3462,false
53.6720,310.84,0.4134,false
53.6880,297.60,0.4289,false
53.7040,269.22,0.3443,false
53.7200,258.39,0.5955,false
53.7360,256.84,0.7629,true
53.7520,254.43,0.6935,true
53.7680,252.48,0.5705,false
53.7840,251.13,0.4420,false
53.8000,251.93,0.4203,false
53.8160,252.52,0.3943,false
53.8320,249.55,0.3352,false
53.8480,250.47,0.3479,false
53.8640,252.62,0.3668,false
53.8800,252.18,0.2183,false
53.8960,299.70,0.1871,false
53.9120,295.45,0.1970,false
53.9280,322.76,0.1868,false
53.9440,113.34,0.2357,false
53.9600,325.54,0.3868,false
53.9760,161.19,0.4998,false
53.9920,159.92,0.7467,true
54.0080,160.00,0.7883,true
54.0240,157.91,0.8583,true
54.0400,152.79,0.9043,true
54.0560,149.01,0.8725,true
54.0720,143.81,0.7068,true
54.0880,133.31,0.4601,false
54.1040,132.42,0.4202,false
54.1200,310.15,0.1290,false
54.1360,107.84,0.3041,false
54.1520,106.76,0.3555,false
54.1680,332.58,0.1870,false
54.1840,1701.53,0.1307,false
54.2000,1456.01,0.1554,false
54.2160,351.78,0.2361,false
54.2320,357.87,0.3418,false
54.2480,1106.66,0.3261,false
54.2640,548.26,0.3480,false
54.2800,544.60,0.2948,false
54.2960,1936.68,0.1803,false
54.3120,1933.92,0.1752,false
54.3280,1907.93,0.2018,false
54.3440,1162.24,0.1518,false
54.3600,1162.13,0.1640,false
54.3760,1162.96,0.1256,false
54.3920,1121.67,0.1100,false
54.4080,271.76,0.3462,false
54.4240,264.27,0.4481,false
54.4400,260.68,0.5101,false
54.4560,256.20,0.4472,false
54.4720,243.67,0.2769,false
54.4880,125.33,0.2723,false
54.5040,125.94,0.3204,false
54.5200,144.22,0.4588,false
54.5360,128.78,0.5981,false
54.5520,124.17,0.7157,true
54.5680,110.90,0.6725,false
54.5840,102.63,0.7305,false
54.6000,88.66,0.7974,false
54.6160,82.84,0.7642,false
54.6320,80.35,0.6477,false
54.6480,80.41,0.5842,false
54.6640,1802.67,0.1212,false
54.6800,1781.71,0.2094,false
54.6960,85.46,0.3074,false
54.7120,83.76,0.3494,false
54.7280,83.43,0.3617,false
54.7440,83.22,0.4248,false
54.7600,80.91,0.4379,false
54.7760,81.51,0.4151,false
54.7920,1812.44,0.1485,false
54.8080,92.98,0.2801,false
54.8240,92.13,0.3094,false
54.8400,90.46,0.3779,false
54.8560,87.75,0.3776,false
54.8720,88.38,0.3737,false
54.8880,88.78,0.4321,false
54.9040,89.32,0.3401,false
54.9200,1259.04,0.1770,false
54.9360,1294.49,0.1359,false
54.9520,95.14,0.2689,false
54.9680,260.03,0.1789,false
54.9840,259.01,0.2441,false
55.0000,259.67,0.3611,false
55.0160,258.75,0.3575,false
55.0320,132.64,0.3467,false
55.0480,133.25,0.3532,false
55.0640,134.82,0.3103,false
55.0800,136.69,0.2338,false
55.0960,1805.60,0.1819,false
55.1120,1234.34,0.1084,false
55.1280,136.94,0.1440,false
55.1440,136.14,0.1560,false
55.1600,263.30,0.4501,false
55.1760,263.51,0.4958,false
55.1920,263.91,0.5426,false
55.2080,264.21,0.5395,false
55.2240,262.45,0.5025,false
55.2400,100.66,0.2555,false
55.2560,100.78,0.2996,false
55.2720,100.86,0.3686,false
55.2880,100.87,0.3471,false
55.3040,100.98,0.2337,false
55.3200,264.93,0.4989,false
55.3360,100.71,0.2153,false
55.3520,100.70,0.3296,false
55.3680,100.82,0.4560,false
55.3840,100.84,0.5027,false
55.4000,100.86,0.4616,false
55.4160,100.97,0.3883,false
55.4320,277.04,0.4718,false
55.4480,275.81,0.5825,false
55.4640,274.65,0.5825,false
55.4800,276.19,0.5870,false
55.4960,278.52,0.5612,false
55.5120,279.68,0.5724,false
55.5280,280.17,0.5187,false
55.5440,280.35,0.4554,false
55.5600,1774.37,0.4466,false
55.5760,1773.70,0.5788,false
55.5920,1773.47,0.6153,false
55.6080,1772.28,0.6256,false
55.6240,1773.49,0.5838,false
55.6400,1775.35,0.5051,false
55.6560,1776.48,0.4254,false
55.6720,893.75,0.1882,false
55.6880,903.10,0.1527,false
55.7040,1424.68,0.2981,false
55.7200,1390.44,0.3630,false
55.7360,1384.56,0.3941,false
55.7520,1381.43,0.3910,false
55.7680,1357.10,0.3545,false
55.7840,610.14,0.1836,false
55.8000,611.12,0.2584,false
55.8160,609.36,0.1888,false
55.8320,1196.57,0.3001,false
55.8480,1188.15,0.3407,false
55.8640,1202.58,0.2394,false
55.8800,1967.61,0.1586,false
55.8960,1968.76,0.1606,false
55.9120,113.88,0.3699,false
55.9280,294.50,0.1914,false
55.9440,294.14,0.2093,false
55.9600,115.50,0.4029,false
55.9760,115.46,0.3790,false
55.9920,1968.56,0.2019,false
56.0080,1964.93,0.2286,false
56.0240,1957.07,0.2781,false
56.0400,1945.70,0.2969,false
56.0560,1189.01,0.2492,false
56.0720,1184.97,0.3531,false
56.0880,1185.87,0.4084,false
56.1040,1182.06,0.4499,false
56.1200,1174.79,0.4878,false
56.1360,1172.87,0.4593,false
56.1520,1177.06,0.4667,false
56.1680,1175.71,0.5896,false
56.1840,1172.68,0.6593,false
56.2000,1173.29,0.7414,false
56.2160,1175.51,0.7722,false
56.2320,1176.82,0.8397,false
56.2480,1177.04,0.8862,false
56.2640,1177.45,0.9022,false
56.2800,1177.41,0.9046,false
56.2960,1177.98,0.9131,false
56.3120,1178.40,0.9302,false
56.3280,1177.82,0.9244,false
56.3440,1176.68,0.8807,false
56.3600,1175.54,0.7889,false
56.3760,1173.26,0.6040,false
56.3920,1170.31,0.4380,false
56.4080,1171.44,0.3564,false
56.4240,1174.38,0.2707,false
56.4400,1876.10,0.2499,false
56.4560,1884.46,0.2449,false
56.4720,1880.17,0.2464,false
56.4880,101.84,0.1699,false
56.5040,102.04,0.1971,false
56.5200,102.01,0.3072,false
56.5360,102.00,0.3813,false
56.5520,102.16,0.3256,false
56.5680,102.23,0.2511,false
56.5840,102.46,0.2370,false
56.6000,103.10,0.2662,false
56.6160,103.57,0.3051,false
56.6320,103.05,0.3255,false
56.6480,102.62,0.4429,false
56.6640,102.46,0.6203,false
56.6800,102.43,0.6516,false
56.6960,102.94,0.5906,false
56.7120,104.14,0.4775,false
56.7280,104.67,0.4508,false
56.7440,105.34,0.4374,false
56.7600,107.63,0.3770,false
56.7760,201.63,0.3528,false
56.7920,213.72,0.4540,false
56.8080,212.38,0.4735,false
56.8240,202.78,0.3674,false
56.8400,1166.14,0.1794,false
56.8560,1169.38,0.2665,false
56.8720,2027.10,0.2393,false
56.8880,2037.78,0.2854,false
56.9040,2055.90,0.3218,false
56.9200,2047.88,0.3419,false
56.9360,2044.72,0.3509,false
56.9520,2071.84,0.3966,false
56.9680,2071.48,0.3920,false
56.9840,293.40,0.4076,false
57.0000,290.58,0.6728,true
57.0160,286.06,0.6566,true
57.0320,278.55,0.5564,false
57.0480,271.42,0.5053,false
57.0640,251.35,0.6318,true
57.0800,240.97,0.6477,true
57.0960,233.15,0.5247,false
57.1120,234.53,0.4132,false
57.1280,124.01,0.2832,false
57.1440,177.23,0.2348,false
57.1600,349.30,0.3976,false
57.1760,361.49,0.5878,false
57.1920,378.02,0.4972,false
57.2080,393.34,0.4643,false
57.2240,412.79,0.2837,false
57.2400,433.16,0.5032,false
57.2560,439.37,0.6115,true
57.2720,450.27,0.3434,false
57.2880,226.81,0.3404,false
57.3040,445.68,0.2153,false
57.3200,438.93,0.2587,false
57.3360,435.43,0.2629,false
57.3520,435.92,0.1640,false
57.3680,247.57,0.5861,false
57.3840,243.89,0.6770,true
57.4000,246.18,0.6686,true
57.4160,263.87,0.6377,true
57.4320,277.00,0.7678,true
57.4480,274.00,0.8498,true
57.4640,271.52,0.8510,true
57.4800,271.11,0.8107,true
57.4960,264.71,0.7799,true
57.5120,260.38,0.8276,true
57.5280,258.40,0.8657,true
57.5440,257.84,0.8001,true
57.5600,263.12,0.6909,true
57.5760,277.30,0.4871,false
57.5920,280.89,0.2958,false
57.6080,273.81,0.3298,false
57.6240,269.59,0.5367,false
57.6400,269.85,0.4073,false
57.6560,266.52,0.2736,false
57.6720,262.90,0.3733,false
57.6880,262.11,0.3600,false
57.7040,263.33,0.2997,false
57.7200,263.38,0.2488,false
57.7360,259.49,0.2322,false
57.7520,184.20,0.1883,false
57.7680,182.34,0.1937,false
57.7840,264.14,0.2593,false
57.8000,1116.29,0.0866,false
57.8160,90.15,0.2681,false
57.8320,164.80,0.3448,false
57.8480,162.36,0.4236,false
57.8640,160.51,0.4889,false
57.8800,155.44,0.5190,false
57.8960,153.32,0.6339,true
57.9120,152.31,0.8131,true
57.9280,150.25,0.8227,true
57.9440,148.12,0.7244,true
57.9600,147.58,0.8411,true
57.9760,147.86,0.8530,true
57.9920,148.74,0.7932,true
58.0080,149.67,0.6748,true
58.0240,143.78,0.4174,false
58.0400,269.23,0.4658,false
58.0560,269.92,0.5420,false
58.0720,268.09,0.3499,false
58.0880,92.40,0.3523,false
58.1040,93.58,0.3317,false
58.1200,94.99,0.3598,false
58.1360,96.58,0.4227,false
58.1520,97.64,0.3796,false
58.1680,98.23,0.2900,false
58.1840,284.97,0.2859,false
58.2000,299.02,0.2615,false
58.2160,167.09,0.2230,false
58.2320,303.93,0.3625,false
58.2480,308.17,0.3719,false
58.2640,164.04,0.3355,false
58.2800,315.73,0.3269,false
58.2960,319.18,0.3208,false
58.3120,83.91,0.1990,false
58.3280,326.30,0.3561,false
58.3440,328.88,0.3011,false
58.3600,164.16,0.3790,false
58.3760,83.93,0.2301,false
58.3920,165.58,0.6201,true
58.4080,167.44,0.6718,true
58.4240,167.92,0.5309,false
58.4400,165.70,0.3308,false
58.4560,164.96,0.3065,false
58.4720,165.18,0.3604,false
58.4880,165.24,0.4114,false
58.5040,165.70,0.4147,false
58.5200,166.06,0.2518,false
58.5360,257.43,0.3987,false
58.5520,255.62,0.5900,false
58.5680,249.58,0.6616,true
58.5840,235.65,0.5794,false
58.6000,223.95,0.6311,true
58.6160,218.05,0.8124,true
58.6320,214.43,0.9073,true
58.6480,209.98,0.8422,true
58.6640,198.90,0.4157,false
58.6800,112.26,0.3767,false
58.6960,114.00,0.2779,false
58.7120,291.28,0.4422,false
58.7280,282.84,0.7905,true
58.7440,275.36,0.9362,true
58.7600,265.18,0.9691,true
58.7760,258.06,0.9917,true
58.7920,255.67,0.9964,true
58.8080,255.47,0.9966,true
58.8240,257.82,0.9959,true
58.8400,260.40,0.9972,true
58.8560,260.31,0.9982,true
58.8720,258.11,0.9983,true
58.8880,253.96,0.9983,true
58.9040,251.98,0.9979,true
58.9200,254.23,0.9972,true
58.9360,259.32,0.9984,true
58.9520,262.30,0.9991,true
58.9680,263.59,0.9991,true
58.9840,265.71,0.9996,true
59.0000,265.81,0.9998,true
59.0160,263.96,0.9997,true
59.0320,261.58,0.9998,true
59.0480,260.82,0.9998,true
59.0640,260.16,0.9995,true
59.0800,260.49,0.9995,true
59.0960,261.07,0.9995,true
59.1120,261.28,0.9996,true
59.1280,261.33,0.9998,true
59.1440,261.34,0.9998,true
59.1600,261.33,0.9998,true
59.1760,261.32,0.9998,true
59.1920,261.31,0.9996,true
59.2080,261.31,0.9991,true
59.2240,261.30,0.9989,true
59.2400,261.25,0.9986,true
59.2560,261.28,0.9983,true
59.2720,261.40,0.9981,true
59.2880,261.63,0.9980,true
59.3040,262.22,0.9893,true
59.3200,260.53,0.8396,true
59.3360,257.40,0.5497,false
59.3520,274.14,0.5829,false
59.3680,295.82,0.8580,true
59.3840,298.06,0.9712,true
59.4000,297.86,0.9929,true
59.4160,295.77,0.9948,true
59.4320,293.71,0.9939,true
59.4480,293.10,0.9917,true
59.4640,292.98,0.9801,true
59.4800,292.93,0.9615,true
59.4960,292.62,0.9252,true
59.5120,291.89,0.8374,true
59.5280,292.00,0.8000,true
59.5440,292.45,0.8533,true
59.5600,292.19,0.8902,true
59.5760,291.32,0.9361,true
59.5920,286.88,0.9514,true
59.6080,277.44,0.9671,true
59.6240,270.59,0.9754,true
59.6400,265.00,0.9839,true
59.6560,261.55,0.9901,true
59.6720,259.27,0.9932,true
59.6880,255.40,0.9945,true
59.7040,253.17,0.9940,true
59.7200,250.37,0.9880,true
59.7360,242.06,0.9640,true
59.7520,225.28,0.9595,true
59.7680,217.70,0.9426,true
59.7840,203.20,0.9325,true
59.8000,196.14,0.9582,true
59.8160,195.03,0.9655,true
59.8320,195.11,0.9629,true
59.8480,196.22,0.9759,true
59.8640,196.09,0.9838,true
59.8800,195.62,0.9818,true
59.8960,195.42,0.9709,true
59.9120,195.62,0.9643,true
59.9280,195.83,0.9546,true
59.9440,196.17,0.9553,true
59.9600,196.79,0.9494,true
59.9760,197.84,0.9464,true
59.9920,199.00,0.9573,true
60.0080,199.79,0.9664,true
60.0240,200.63,0.9339,true
60.0400,200.97,0.7222,true
60.0560,196.34,0.6038,true
60.0720,194.81,0.5329,false
60.0880,269.39,0.5994,false
60.1040,268.90,0.9305,true
60.1200,264.81,0.9911,true
60.1360,260.11,0.9970,true
60.1520,256.57,0.9978,true
60.1680,254.60,0.9955,true
60.1840,254.72,0.9882,true
60.2000,257.55,0.9710,true
60.2160,261.55,0.9744,true
60.2320,262.61,0.9062,true
60.2480,261.70,0.7409,true
60.2640,259.67,0.7052,true
60.2800,258.55,0.8992,true
60.2960,257.10,0.9781,true
60.3120,255.03,0.9752,true
60.3280,254.64,0.9376,true
60.3440,257.43,0.9081,true
60.3600,260.22,0.8608,true
60.3760,259.32,0.7146,true
60.3920,254.82,0.7950,true
60.4080,253.16,0.8290,true
60.4240,253.84,0.8375,true
60.4400,254.88,0.6650,true
60.4560,252.47,0.3822,false
60.4720,245.67,0.3333,false
60.4880,790.09,0.1011,false
60.5040,791.46,0.1203,false
60.5200,397.71,0.3985,false
60.5360,401.75,0.6108,true
60.5520,393.56,0.8604,true
60.5680,385.71,0.9588,true
60.5840,383.72,0.9792,true
60.6000,385.88,0.9911,true
60.6160,386.11,0.9900,true
60.6320,388.44,0.9783,true
60.6480,390.05,0.9871,true
60.6640,390.32,0.9958,true
60.6800,390.52,0.9984,true
60.6960,391.19,0.9988,true
60.7120,393.46,0.9991,true
60.7280,395.41,0.9996,true
60.7440,395.79,0.9999,true
60.7600,394.37,0.9999,true
60.7760,392.20,0.9999,true
60.7920,391.19,0.9998,true
60.8080,390.82,0.9998,true
60.8240,390.43,0.9998,true
60.8400,390.24,0.9996,true
60.8560,390.21,0.9994,true
60.8720,390.20,0.9996,true
60.8880,390.20,0.9997,true
60.9040,390.20,0.9997,true
60.9200,390.20,0.9995,true
60.9360,390.21,0.9987,true
60.9520,390.24,0.9960,true
60.9680,390.39,0.9898,true
60.9840,390.97,0.9900,true
61.0000,391.40,0.9919,true
61.0160,391.85,0.9942,true
61.0320,392.28,0.9959,true
61.0480,392.57,0.9957,true
61.0640,393.22,0.9958,true
61.0800,393.79,0.9946,true
61.0960,396.18,0.9949,true
61.1120,397.62,0.9973,true
61.1280,399.66,0.9962,true
61.1440,402.90,0.9880,true
61.1600,401.07,0.9611,true
61.1760,400.30,0.9072,true
61.1920,407.46,0.8366,true
61.2080,426.73,0.8973,true
61.2240,437.61,0.9725,true
61.2400,439.03,0.9870,true
61.2560,439.43,0.9912,true
61.2720,438.80,0.9921,true
61.2880,438.75,0.9882,true
61.3040,439.52,0.9840,true
61.3200,439.23,0.9854,true
61.3360,437.79,0.9775,true
61.3520,437.28,0.9679,true
61.3680,436.26,0.9483,true
61.3840,435.75,0.9654,true
61.4000,433.15,0.9764,true
61.4160,415.74,0.9533,true
61.4320,400.61,0.9693,true
61.4480,393.85,0.9817,true
61.4640,390.86,0.9883,true
61.4800,390.01,0.9909,true
61.4960,389.71,0.9884,true
61.5120,388.75,0.9702,true
61.5280,386.41,0.8768,true
61.5440,382.08,0.5725,false
61.5600,381.50,0.4787,false
61.5760,384.37,0.5820,false
61.5920,378.99,0.5956,false
61.6080,350.46,0.8010,true
61.6240,342.76,0.9395,true
61.6400,336.21,0.9665,true
61.6560,331.61,0.9657,true
61.6720,328.09,0.9483,true
61.6880,324.57,0.8035,true
61.7040,320.71,0.6336,true
61.7200,323.54,0.6189,true
61.7360,330.80,0.6553,true
61.7520,331.63,0.5876,false
61.7680,334.05,0.4542,false
61.7840,197.96,0.3190,false
61.8000,333.55,0.6268,true
61.8160,334.41,0.7553,true
61.8320,336.08,0.6753,true
61.8480,352.40,0.4967,false
61.8640,391.41,0.7484,true
61.8800,395.48,0.9107,true
61.8960,395.54,0.9549,true
61.9120,396.40,0.9689,true
61.9280,397.26,0.9759,true
61.9440,394.72,0.9892,true
61.9600,391.14,0.9934,true
61.9760,390.59,0.9941,true
61.9920,390.85,0.9966,true
62.0080,391.23,0.9981,true
62.0240,390.90,0.9983,true
62.0400,390.58,0.9980,true
62.0560,390.39,0.9986,true
62.0720,390.48,0.9988,true
62.0880,390.83,0.9988,true
62.1040,390.85,0.9991,true
62.1200,390.65,0.9994,true
62.1360,390.49,0.9993,true
62.1520,390.37,0.9987,true
62.1680,389.98,0.9943,true
62.1840,388.68,0.9685,true
62.2000,388.19,0.8900,true
62.2160,389.21,0.9331,true
62.2320,390.46,0.9558,true
62.2480,391.09,0.9164,true
62.2640,389.90,0.8230,true
62.2800,386.06,0.6552,true
62.2960,378.81,0.3452,false
62.3120,302.54,0.5772,false
62.3280,297.27,0.9006,true
62.3440,295.31,0.9833,true
62.3600,293.82,0.9936,true
62.3760,292.97,0.9953,true
62.3920,292.10,0.9930,true
62.4080,291.84,0.9913,true
62.4240,292.63,0.9894,true
62.4400,294.40,0.9846,true
62.4560,294.90,0.9673,true
62.4720,293.27,0.8950,true
62.4880,290.81,0.6477,true
62.5040,290.58,0.3073,false
62.5200,296.57,0.5217,false
62.5360,300.24,0.8397,true
62.5520,303.18,0.8727,true
62.5680,306.15,0.9541,true
62.5840,304.82,0.9892,true
62.6000,303.83,0.9928,true
62.6160,301.36,0.9935,true
62.6320,298.80,0.9979,true
62.6480,296.64,0.9996,true
62.6640,293.64,0.9998,true
62.6800,293.06,0.9998,true
62.6960,292.92,0.9997,true
62.7120,292.89,0.9998,true
62.7280,292.99,0.9998,true
62.7440,293.03,0.9998,true
62.7600,293.05,0.9996,true
62.7760,293.12,0.9992,true
62.7920,293.14,0.9991,true
62.8080,293.12,0.9990,true
62.8240,293.18,0.9994,true
62.8400,293.56,0.9995,true
62.8560,294.38,0.9995,true
62.8720,294.92,0.9991,true
62.8880,294.55,0.9979,true
62.9040,293.56,0.9959,true
62.9200,291.78,0.9774,true
62.9360,285.08,0.8823,true
62.9520,279.95,0.7903,true
62.9680,291.25,0.8820,true
62.9840,296.99,0.9651,true
63.0000,300.97,0.9770,true
63.0160,306.46,0.9887,true
63.0320,305.85,0.9938,true
63.0480,301.62,0.9968,true
63.0640,298.66,0.9989,true
63.0800,296.78,0.9993,true
63.0960,294.75,0.9993,true
63.1120,293.56,0.9991,true
63.1280,292.46,0.9974,true
63.1440,289.38,0.9790,true
63.1600,276.19,0.8699,true
63.1760,258.90,0.8017,true
63.1920,257.56,0.6236,true
63.2080,282.31,0.4650,false
63.2240,296.56,0.5710,false
63.2400,308.80,0.7158,true
63.2560,308.39,0.8651,true
63.2720,301.68,0.9467,true
63.2880,297.74,0.9644,true
63.3040,294.81,0.9849,true
63.3200,293.83,0.9919,true
63.3360,293.71,0.9888,true
63.3520,293.85,0.9856,true
63.3680,289.34,0.9338,true
63.3840,274.48,0.6266,true
63.4000,244.63,0.5907,false
63.4160,230.44,0.4627,false
63.4320,2039.55,0.0692,false
63.4480,350.09,0.4543,false
63.4640,353.91,0.9390,true
63.4800,354.13,0.9968,true
63.4960,353.32,0.9991,true
63.5120,349.89,0.9988,true
63.5280,347.60,0.9968,true
63.5440,347.39,0.9953,true
63.5600,348.05,0.9938,true
63.5760,347.75,0.9784,true
63.5920,341.62,0.9029,true
63.6080,340.73,0.7725,true
63.6240,344.11,0.6818,true
63.6400,342.95,0.7987,true
63.6560,340.96,0.9624,true
63.6720,340.97,0.9841,true
63.6880,340.49,0.9947,true
63.7040,338.63,0.9970,true
63.7200,335.97,0.9976,true
63.7360,333.52,0.9962,true
63.7520,328.52,0.9913,true
63.7680,327.25,0.9921,true
63.7840,328.69,0.9924,true
63.8000,327.68,0.9787,true
63.8160,308.78,0.8389,true
63.8320,291.65,0.6412,true
63.8480,289.23,0.2863,false
63.8640,298.08,0.2029,false
63.8800,309.21,0.4564,false
63.8960,305.36,0.7777,true
63.9120,302.60,0.9545,true
63.9280,300.19,0.9958,true
63.9440,298.17,0.9984,true
63.9600,292.27,0.9961,true
63.9760,287.79,0.9955,true
63.9920,286.21,0.9955,true
64.0080,289.05,0.9968,true
64.0240,293.86,0.9968,true
64.0400,296.75,0.9987,true
64.0560,297.36,0.9975,true
64.0720,293.40,0.9814,true
64.0880,284.77,0.9075,true
64.1040,276.06,0.7404,true
64.1200,284.80,0.6425,true
64.1360,295.74,0.7751,true
64.1520,296.87,0.8661,true
64.1680,288.00,0.9113,true
64.1840,274.44,0.9509,true
64.2000,266.19,0.9837,true
64.2160,261.31,0.9926,true
64.2320,258.77,0.9950,true
64.2480,258.02,0.9946,true
64.2640,259.68,0.9933,true
64.2800,260.98,0.9980,true
64.2960,261.26,0.9994,true
64.3120,261.30,0.9990,true
64.3280,261.24,0.9971,true
64.3440,261.09,0.9926,true
64.3600,261.33,0.9884,true
64.3760,261.70,0.9864,true
64.3920,262.08,0.9814,true
64.4080,262.12,0.9750,true
64.4240,263.13,0.9893,true
64.4400,264.00,0.9964,true
64.4560,263.71,0.9956,true
64.4720,261.48,0.9827,true
64.4880,259.48,0.9250,true
64.5040,257.76,0.8958,true
64.5200,259.34,0.9549,true
64.5360,260.98,0.9841,true
64.5520,261.03,0.9726,true
64.5680,260.96,0.9033,true
64.5840,262.94,0.6508,true
64.6000,263.29,0.3685,false
64.6160,260.48,0.2701,false
64.6320,197.15,0.3902,false
64.6480,194.36,0.6706,true
64.6640,193.26,0.8545,true
64.6800,192.43,0.9024,true
64.6960,190.59,0.9326,true
64.7120,192.37,0.9654,true
64.7280,195.87,0.9849,true
64.7440,198.48,0.9837,true
64.7600,200.37,0.9807,true
64.7760,202.34,0.9033,true
64.7920,201.30,0.6741,true
64.8080,196.39,0.4668,false
64.8240,196.41,0.4729,false
64.8400,196.67,0.6469,true
64.8560,198.18,0.7253,true
64.8720,199.08,0.6974,true
64.8880,204.06,0.6968,true
64.9040,206.89,0.6772,true
64.9200,200.98,0.5787,false
64.9360,196.23,0.5900,false
64.9520,196.18,0.5772,false
64.9680,197.53,0.5174,false
64.9840,196.32,0.3893,false
65.0000,194.56,0.3495,false
65.0160,192.60,0.2620,false
65.0320,99.95,0.2905,false
65.0480,274.03,0.1713,false
65.0640,274.03,0.4015,false
65.0800,272.78,0.5446,false
65.0960,269.04,0.6832,true
65.1120,269.01,0.7881,true
65.1280,271.16,0.8169,true
65.1440,269.57,0.8338,true
65.1600,264.21,0.7820,true
65.1760,257.76,0.6521,true
65.1920,256.38,0.5263,false
65.2080,257.23,0.4388,false
65.2240,259.38,0.4006,false
65.2400,263.98,0.5499,false
65.2560,267.22,0.7030,true
65.2720,270.56,0.7178,true
65.2880,270.47,0.6792,true
65.3040,267.49,0.6210,true
65.3200,133.32,0.1758,false
65.3360,135.53,0.1920,false
65.3520,136.38,0.2391,false
65.3680,136.88,0.2686,false
65.3840,140.55,0.2865,false
65.4000,139.33,0.2772,false
65.4160,136.43,0.2476,false
65.4320,604.11,0.0989,false
65.4480,604.34,0.0881,false
65.4640,289.38,0.3519,false
65.4800,287.77,0.4428,false
65.4960,1672.04,0.1307,false
65.5120,1677.22,0.1652,false
65.5280,1684.56,0.2139,false
65.5440,1689.98,0.2659,false
65.5600,1705.25,0.1994,false
65.5760,285.98,0.4875,false
65.5920,1691.84,0.1370,false
65.6080,1691.61,0.1606,false
65.6240,1689.39,0.2402,false
65.6400,1684.11,0.3549,false
65.6560,1697.55,0.3217,false
65.6720,1716.37,0.2586,false
65.6880,1720.60,0.2512,false
65.7040,1738.20,0.3132,false
65.7200,1773.46,0.3040,false
65.7360,1927.32,0.3002,false
65.7520,1960.25,0.3247,false
65.7680,1980.77,0.4439,false
65.7840,1968.53,0.5293,false
65.8000,1928.04,0.5678,false
65.8160,1856.44,0.5962,false
65.8320,1866.74,0.6529,false
65.8480,1902.14,0.7136,false
65.8640,1921.20,0.6957,false
65.8800,1880.52,0.5828,false
65.8960,1840.83,0.4836,false
65.9120,101.58,0.3258,false
65.9280,101.28,0.5035,false
65.9440,101.28,0.5427,false
65.9600,101.50,0.5364,false
65.9760,101.52,0.5907,false
65.9920,101.40,0.5779,false
66.0080,101.68,0.4790,false
66.0240,1672.81,0.3520,false
66.0400,1685.78,0.3232,false
66.0560,103.85,0.4850,false
66.0720,103.71,0.5413,false
66.0880,103.52,0.5355,false
66.1040,103.35,0.4796,false
66.1200,103.52,0.3675,false
66.1360,104.00,0.2963,false
66.1520,104.38,0.3267,false
66.1680,104.55,0.3093,false
66.1840,196.25,0.2042,false
66.2000,1342.96,0.2803,false
66.2160,1253.16,0.3382,false
